Record Length,2500,Points,0.0,104.0000021E-3,
Sample Interval,9.999999776E-3,s,9.999999776E-3,102.0000055E-3,
Trigger Point,0.0,Samples,19.9999996E-3,104.0000021E-3,
,,,29.99999933E-3,106.0000062E-3,
,,,39.99999911E-3,104.0000021E-3,
,,,49.99999702E-3,104.0000021E-3,
Source,CH2,,59.999998659E-3,106.0000062E-3,
Vertical Units,Volts,,70.000000298E-3,104.0000021E-3,
Vertical Scale,51.19531493E-3,,79.999998212E-3,104.0000021E-3,
Vertical Offset,0,,89.999996126E-3,106.0000062E-3,
Horizontal Units,s,,99.999994040E-3,104.0000021E-3,
Horizontal Scale,2.4999999,,109.9999994E-3,104.0000021E-3,
Pt Fmt,Y,,119.9999973E-3,108.0000028E-3,
Yzero,-2.1486342,,129.9999952E-3,106.0000062E-3,
Probe Atten,1.000000,,140.0000006E-3,106.0000062E-3,
,,,149.99999106E-3,104.0000021E-3,
Note,TBS 1102 - 11:07:44   15/05/2025,,159.99999642E-3,106.0000062E-3,
,,,170.00000179E-3,104.0000021E-3,
,,,179.99999225E-3,110.0000069E-3,
,,,189.99999762E-3,110.0000069E-3,
,,,199.99998808E-3,104.0000021E-3,
,,,209.99999344E-3,108.0000028E-3,
,,,219.99999881E-3,106.0000062E-3,
,,,229.99998927E-3,104.0000021E-3,
,,,239.99999464E-3,108.0000028E-3,
,,,250.00000000E-3,104.0000021E-3,
,,,259.99999046E-3,104.0000021E-3,
,,,269.99998093E-3,104.0000021E-3,
,,,280.00000119E-3,106.0000062E-3,
,,,289.99999166E-3,106.0000062E-3,
,,,299.99998212E-3,106.0000062E-3,
,,,310.00000238E-3,102.0000055E-3,
,,,319.99999285E-3,104.0000021E-3,
,,,329.99998331E-3,104.0000021E-3,
,,,340.00000358E-3,104.0000021E-3,
,,,349.99999404E-3,108.0000028E-3,
,,,359.99998450E-3,104.0000021E-3,
,,,370.00000477E-3,104.0000021E-3,
,,,379.99999523E-3,104.0000021E-3,
,,,389.99998569E-3,104.0000021E-3,
,,,399.99997616E-3,102.0000055E-3,
,,,409.999996424E-3,104.0000021E-3,
,,,419.999986887E-3,104.0000021E-3,
,,,429.999977350E-3,104.0000021E-3,
,,,439.999997616E-3,106.0000062E-3,
,,,449.999988079E-3,106.0000062E-3,
,,,459.999978542E-3,106.0000062E-3,
,,,469.999998808E-3,104.0000021E-3,
,,,479.999989271E-3,108.0000028E-3,
,,,489.999979734E-3,104.0000021E-3,
,,,500.000000000E-3,104.0000021E-3,
,,,509.999990463E-3,102.0000055E-3,
,,,519.999980927E-3,104.0000021E-3,
,,,529.999971390E-3,102.0000055E-3,
,,,539.999961853E-3,104.0000021E-3,
,,,550.000011921E-3,104.0000021E-3,
,,,560.000002384E-3,104.0000021E-3,
,,,569.999992847E-3,102.0000055E-3,
,,,579.999983311E-3,104.0000021E-3,
,,,589.999973774E-3,106.0000062E-3,
,,,599.999964237E-3,104.0000021E-3,
,,,610.000014305E-3,104.0000021E-3,
,,,620.000004768E-3,106.0000062E-3,
,,,629.999995232E-3,106.0000062E-3,
,,,639.999985695E-3,104.0000021E-3,
,,,649.999976158E-3,104.0000021E-3,
,,,659.999966621E-3,106.0000062E-3,
,,,669.999957085E-3,108.0000028E-3,
,,,680.000007153E-3,106.0000062E-3,
,,,689.999997616E-3,106.0000062E-3,
,,,699.999988079E-3,104.0000021E-3,
,,,709.999978542E-3,106.0000062E-3,
,,,719.999969006E-3,104.0000021E-3,
,,,729.999959469E-3,104.0000021E-3,
,,,740.000009537E-3,106.0000062E-3,
,,,750.000000000E-3,106.0000062E-3,
,,,759.999990463E-3,106.0000062E-3,
,,,769.999980927E-3,106.0000062E-3,
,,,779.999971390E-3,106.0000062E-3,
,,,789.999961853E-3,110.0000069E-3,
,,,799.999952316E-3,108.0000028E-3,
,,,810.000002384E-3,108.0000028E-3,
,,,819.999992847E-3,108.0000028E-3,
,,,829.999983311E-3,104.0000021E-3,
,,,839.999973774E-3,108.0000028E-3,
,,,849.999964237E-3,104.0000021E-3,
,,,859.999954700E-3,110.0000069E-3,
,,,870.000004768E-3,106.0000062E-3,
,,,879.999995232E-3,106.0000062E-3,
,,,889.999985695E-3,104.0000021E-3,
,,,899.999976158E-3,102.0000055E-3,
,,,909.999966621E-3,104.0000021E-3,
,,,919.999957085E-3,104.0000021E-3,
,,,930.000007153E-3,104.0000021E-3,
,,,939.999997616E-3,106.0000062E-3,
,,,949.999988079E-3,104.0000021E-3,
,,,959.999978542E-3,106.0000062E-3,
,,,969.999969006E-3,108.0000028E-3,
,,,979.999959469E-3,106.0000062E-3,
,,,989.999949932E-3,106.0000062E-3,
,,,1.000000,104.0000021E-3,
,,,1.0100000,106.0000062E-3,
,,,1.0200000,102.0000055E-3,
,,,1.0300000,104.0000021E-3,
,,,1.0400000,106.0000062E-3,
,,,1.0500000,110.0000069E-3,
,,,1.0599999,110.0000069E-3,
,,,1.0699999,112.0000035E-3,
,,,1.0799999,112.0000035E-3,
,,,1.0900000,114.0000075E-3,
,,,1.1000000,110.0000069E-3,
,,,1.1100000,110.0000069E-3,
,,,1.1200000,110.0000069E-3,
,,,1.1300000,110.0000069E-3,
,,,1.1400000,106.0000062E-3,
,,,1.1500000,108.0000028E-3,
,,,1.1600000,106.0000062E-3,
,,,1.1700000,104.0000021E-3,
,,,1.1799999,106.0000062E-3,
,,,1.1899999,106.0000062E-3,
,,,1.1999999,106.0000062E-3,
,,,1.2099999,106.0000062E-3,
,,,1.2200000,108.0000028E-3,
,,,1.2300000,108.0000028E-3,
,,,1.2400000,108.0000028E-3,
,,,1.2500000,108.0000028E-3,
,,,1.2600000,106.0000062E-3,
,,,1.2700000,104.0000021E-3,
,,,1.2800000,106.0000062E-3,
,,,1.2900000,106.0000062E-3,
,,,1.3000000,100.0000015E-3,
,,,1.3099999,102.0000055E-3,
,,,1.3199999,100.0000015E-3,
,,,1.3299999,102.0000055E-3,
,,,1.3399999,102.0000055E-3,
,,,1.3500000,102.0000055E-3,
,,,1.3600000,106.0000062E-3,
,,,1.3700000,106.0000062E-3,
,,,1.3800000,108.0000028E-3,
,,,1.3900000,110.0000069E-3,
,,,1.4000000,110.0000069E-3,
,,,1.4100000,110.0000069E-3,
,,,1.4200000,108.0000028E-3,
,,,1.4299999,108.0000028E-3,
,,,1.4399999,108.0000028E-3,
,,,1.4499999,104.0000021E-3,
,,,1.4599999,106.0000062E-3,
,,,1.4699999,104.0000021E-3,
,,,1.4800000,102.0000055E-3,
,,,1.4900000,104.0000021E-3,
,,,1.5000000,102.0000055E-3,
,,,1.5100000,102.0000055E-3,
,,,1.5200000,104.0000021E-3,
,,,1.5300000,106.0000062E-3,
,,,1.5400000,108.0000028E-3,
,,,1.5500000,106.0000062E-3,
,,,1.5599999,106.0000062E-3,
,,,1.5699999,106.0000062E-3,
,,,1.5799999,102.0000055E-3,
,,,1.5899999,106.0000062E-3,
,,,1.5999999,104.0000021E-3,
,,,1.6100000,108.0000028E-3,
,,,1.6200000,106.0000062E-3,
,,,1.6300000,112.0000035E-3,
,,,1.6400000,112.0000035E-3,
,,,1.6500000,114.0000075E-3,
,,,1.6600000,110.0000069E-3,
,,,1.6700000,110.0000069E-3,
,,,1.6799999,108.0000028E-3,
,,,1.6899999,106.0000062E-3,
,,,1.6999999,104.0000021E-3,
,,,1.7099999,102.0000055E-3,
,,,1.7199999,102.0000055E-3,
,,,1.7300000,100.0000015E-3,
,,,1.7400000,102.0000055E-3,
,,,1.7500000,104.0000021E-3,
,,,1.7600000,106.0000062E-3,
,,,1.7700000,106.0000062E-3,
,,,1.7800000,108.0000028E-3,
,,,1.7900000,108.0000028E-3,
,,,1.8000000,108.0000028E-3,
,,,1.8099999,108.0000028E-3,
,,,1.8199999,102.0000055E-3,
,,,1.8299999,106.0000062E-3,
,,,1.8399999,106.0000062E-3,
,,,1.8499999,102.0000055E-3,
,,,1.8600000,104.0000021E-3,
,,,1.8700000,102.0000055E-3,
,,,1.8800000,106.0000062E-3,
,,,1.8900000,108.0000028E-3,
,,,1.9000000,104.0000021E-3,
,,,1.9100000,106.0000062E-3,
,,,1.9200000,106.0000062E-3,
,,,1.9299999,104.0000021E-3,
,,,1.9399999,106.0000062E-3,
,,,1.9499999,106.0000062E-3,
,,,1.9599999,106.0000062E-3,
,,,1.9699999,106.0000062E-3,
,,,1.9799999,106.0000062E-3,
,,,1.9900000,102.0000055E-3,
,,,2.0000000,106.0000062E-3,
,,,2.0100000,104.0000021E-3,
,,,2.0200000,104.0000021E-3,
,,,2.0300000,106.0000062E-3,
,,,2.0400000,106.0000062E-3,
,,,2.0500000,104.0000021E-3,
,,,2.0599999,102.0000055E-3,
,,,2.0699999,104.0000021E-3,
,,,2.0799999,106.0000062E-3,
,,,2.0899999,104.0000021E-3,
,,,2.0999999,108.0000028E-3,
,,,2.1099999,106.0000062E-3,
,,,2.1199999,102.0000055E-3,
,,,2.1299999,106.0000062E-3,
,,,2.1399999,104.0000021E-3,
,,,2.1499999,102.0000055E-3,
,,,2.1599998,106.0000062E-3,
,,,2.1699998,106.0000062E-3,
,,,2.1800001,104.0000021E-3,
,,,2.1900001,102.0000055E-3,
,,,2.2000000,104.0000021E-3,
,,,2.2100000,102.0000055E-3,
,,,2.2200000,102.0000055E-3,
,,,2.2300000,102.0000055E-3,
,,,2.2400000,100.0000015E-3,
,,,2.2500000,104.0000021E-3,
,,,2.2600000,102.0000055E-3,
,,,2.2700000,104.0000021E-3,
,,,2.2800000,104.0000021E-3,
,,,2.2900000,104.0000021E-3,
,,,2.3000000,106.0000062E-3,
,,,2.3099999,104.0000021E-3,
,,,2.3199999,106.0000062E-3,
,,,2.3299999,104.0000021E-3,
,,,2.3399999,102.0000055E-3,
,,,2.3499999,102.0000055E-3,
,,,2.3599999,104.0000021E-3,
,,,2.3699999,102.0000055E-3,
,,,2.3799999,100.0000015E-3,
,,,2.3899999,100.0000015E-3,
,,,2.3999999,104.0000021E-3,
,,,2.4099998,102.0000055E-3,
,,,2.4199998,102.0000055E-3,
,,,2.4299998,102.0000055E-3,
,,,2.4400001,106.0000062E-3,
,,,2.4500000,102.0000055E-3,
,,,2.4600000,102.0000055E-3,
,,,2.4700000,102.0000055E-3,
,,,2.4800000,108.0000028E-3,
,,,2.4900000,106.0000062E-3,
,,,2.5000000,102.0000055E-3,
,,,2.5100000,104.0000021E-3,
,,,2.5200000,106.0000062E-3,
,,,2.5300000,102.0000055E-3,
,,,2.5400000,102.0000055E-3,
,,,2.5500000,102.0000055E-3,
,,,2.5599999,100.0000015E-3,
,,,2.5699999,100.0000015E-3,
,,,2.5799999,104.0000021E-3,
,,,2.5899999,102.0000055E-3,
,,,2.5999999,104.0000021E-3,
,,,2.6099999,102.0000055E-3,
,,,2.6199999,104.0000021E-3,
,,,2.6299999,104.0000021E-3,
,,,2.6399999,104.0000021E-3,
,,,2.6499999,106.0000062E-3,
,,,2.6599998,104.0000021E-3,
,,,2.6699998,106.0000062E-3,
,,,2.6799998,104.0000021E-3,
,,,2.6900001,102.0000055E-3,
,,,2.7000000,100.0000015E-3,
,,,2.7100000,102.0000055E-3,
,,,2.72000003,100.0000015E-3,
,,,2.73000002,102.0000055E-3,
,,,2.74000001,100.0000015E-3,
,,,2.75000000,104.0000021E-3,
,,,2.75999999,104.0000021E-3,
,,,2.76999998,104.0000021E-3,
,,,2.77999997,106.0000062E-3,
,,,2.78999996,106.0000062E-3,
,,,2.79999995,106.0000062E-3,
,,,2.80999994,106.0000062E-3,
,,,2.81999993,102.0000055E-3,
,,,2.82999992,102.0000055E-3,
,,,2.83999991,106.0000062E-3,
,,,2.84999990,104.0000021E-3,
,,,2.85999990,100.0000015E-3,
,,,2.86999989,98.000004888E-3,
,,,2.87999988,102.0000055E-3,
,,,2.88999987,100.0000015E-3,
,,,2.89999986,102.0000055E-3,
,,,2.90999985,100.0000015E-3,
,,,2.91999984,102.0000055E-3,
,,,2.92999983,102.0000055E-3,
,,,2.93999982,100.0000015E-3,
,,,2.95000005,104.0000021E-3,
,,,2.96000004,100.0000015E-3,
,,,2.97000003,100.0000015E-3,
,,,2.98000002,100.0000015E-3,
,,,2.99000001,100.0000015E-3,
,,,3.00000000,102.0000055E-3,
,,,3.00999999,100.0000015E-3,
,,,3.01999998,96.000000834E-3,
,,,3.02999997,102.0000055E-3,
,,,3.03999996,100.0000015E-3,
,,,3.04999995,100.0000015E-3,
,,,3.05999994,98.000004888E-3,
,,,3.06999993,96.000000834E-3,
,,,3.07999992,100.0000015E-3,
,,,3.08999991,98.000004888E-3,
,,,3.09999990,94.000004232E-3,
,,,3.10999990,94.000004232E-3,
,,,3.11999989,90.000003576E-3,
,,,3.12999988,92.000007629E-3,
,,,3.13999987,94.000004232E-3,
,,,3.14999986,92.000007629E-3,
,,,3.15999985,90.000003576E-3,
,,,3.16999984,92.000007629E-3,
,,,3.17999983,88.000006974E-3,
,,,3.18999982,88.000006974E-3,
,,,3.19999981,88.000006974E-3,
,,,3.21000004,84.000006318E-3,
,,,3.22000003,82.000002265E-3,
,,,3.23000002,80.000005662E-3,
,,,3.24000001,80.000005662E-3,
,,,3.25000000,78.000001609E-3,
,,,3.25999999,78.000001609E-3,
,,,3.26999998,74.000000954E-3,
,,,3.27999997,78.000001609E-3,
,,,3.28999996,74.000000954E-3,
,,,3.29999995,74.000000954E-3,
,,,3.30999994,76.000005007E-3,
,,,3.31999993,70.000000298E-3,
,,,3.32999992,68.000003695E-3,
,,,3.33999991,72.000004351E-3,
,,,3.34999990,70.000000298E-3,
,,,3.35999990,68.000003695E-3,
,,,3.36999989,68.000003695E-3,
,,,3.37999988,65.999999642E-3,
,,,3.38999987,65.999999642E-3,
,,,3.39999986,64.000003040E-3,
,,,3.40999985,68.000003695E-3,
,,,3.41999984,65.999999642E-3,
,,,3.42999983,64.000003040E-3,
,,,3.43999982,64.000003040E-3,
,,,3.44999981,65.999999642E-3,
,,,3.46000004,68.000003695E-3,
,,,3.47000003,64.000003040E-3,
,,,3.48000002,65.999999642E-3,
,,,3.49000001,64.000003040E-3,
,,,3.50000000,64.000003040E-3,
,,,3.50999999,64.000003040E-3,
,,,3.51999998,68.000003695E-3,
,,,3.52999997,65.999999642E-3,
,,,3.53999996,68.000003695E-3,
,,,3.54999995,68.000003695E-3,
,,,3.55999994,70.000000298E-3,
,,,3.56999993,70.000000298E-3,
,,,3.57999992,72.000004351E-3,
,,,3.58999991,72.000004351E-3,
,,,3.59999990,74.000000954E-3,
,,,3.60999990,74.000000954E-3,
,,,3.61999989,74.000000954E-3,
,,,3.62999988,78.000001609E-3,
,,,3.63999987,76.000005007E-3,
,,,3.64999986,76.000005007E-3,
,,,3.65999985,82.000002265E-3,
,,,3.66999984,80.000005662E-3,
,,,3.67999983,84.000006318E-3,
,,,3.68999982,88.000006974E-3,
,,,3.69999981,86.000002921E-3,
,,,3.70999980,86.000002921E-3,
,,,3.72000003,90.000003576E-3,
,,,3.73000002,92.000007629E-3,
,,,3.74000001,92.000007629E-3,
,,,3.75000000,94.000004232E-3,
,,,3.75999999,92.000007629E-3,
,,,3.76999998,94.000004232E-3,
,,,3.77999997,92.000007629E-3,
,,,3.78999996,94.000004232E-3,
,,,3.79999995,94.000004232E-3,
,,,3.80999994,94.000004232E-3,
,,,3.81999993,96.000000834E-3,
,,,3.82999992,94.000004232E-3,
,,,3.83999991,96.000000834E-3,
,,,3.84999990,100.0000015E-3,
,,,3.85999990,98.000004888E-3,
,,,3.86999989,98.000004888E-3,
,,,3.87999988,100.0000015E-3,
,,,3.88999987,98.000004888E-3,
,,,3.89999986,98.000004888E-3,
,,,3.90999985,96.000000834E-3,
,,,3.91999984,92.000007629E-3,
,,,3.92999983,96.000000834E-3,
,,,3.93999982,92.000007629E-3,
,,,3.94999981,98.000004888E-3,
,,,3.95999980,94.000004232E-3,
,,,3.97000003,92.000007629E-3,
,,,3.98000002,92.000007629E-3,
,,,3.99000001,94.000004232E-3,
,,,4.00000000,94.000004232E-3,
,,,4.00999975,94.000004232E-3,
,,,4.01999998,96.000000834E-3,
,,,4.02999973,94.000004232E-3,
,,,4.03999996,92.000007629E-3,
,,,4.04999971,92.000007629E-3,
,,,4.05999994,94.000004232E-3,
,,,4.06999969,94.000004232E-3,
,,,4.07999992,94.000004232E-3,
,,,4.08999968,94.000004232E-3,
,,,4.09999990,92.000007629E-3,
,,,4.11000013,92.000007629E-3,
,,,4.11999989,92.000007629E-3,
,,,4.13000011,90.000003576E-3,
,,,4.13999987,90.000003576E-3,
,,,4.15000010,90.000003576E-3,
,,,4.15999985,90.000003576E-3,
,,,4.17000008,92.000007629E-3,
,,,4.17999983,90.000003576E-3,
,,,4.19000006,90.000003576E-3,
,,,4.19999981,92.000007629E-3,
,,,4.21000004,92.000007629E-3,
,,,4.21999979,92.000007629E-3,
,,,4.23000002,94.000004232E-3,
,,,4.23999977,92.000007629E-3,
,,,4.25000000,92.000007629E-3,
,,,4.25999975,90.000003576E-3,
,,,4.26999998,90.000003576E-3,
,,,4.27999973,88.000006974E-3,
,,,4.28999996,92.000007629E-3,
,,,4.29999971,86.000002921E-3,
,,,4.30999994,88.000006974E-3,
,,,4.31999969,90.000003576E-3,
,,,4.32999992,90.000003576E-3,
,,,4.33999968,90.000003576E-3,
,,,4.34999990,88.000006974E-3,
,,,4.36000013,92.000007629E-3,
,,,4.36999989,90.000003576E-3,
,,,4.38000011,92.000007629E-3,
,,,4.38999987,88.000006974E-3,
,,,4.40000010,92.000007629E-3,
,,,4.40999985,90.000003576E-3,
,,,4.42000008,90.000003576E-3,
,,,4.42999983,90.000003576E-3,
,,,4.44000006,92.000007629E-3,
,,,4.44999981,90.000003576E-3,
,,,4.46000004,90.000003576E-3,
,,,4.46999979,88.000006974E-3,
,,,4.48000002,90.000003576E-3,
,,,4.48999977,92.000007629E-3,
,,,4.50000000,92.000007629E-3,
,,,4.50999975,92.000007629E-3,
,,,4.51999998,92.000007629E-3,
,,,4.52999973,94.000004232E-3,
,,,4.53999996,94.000004232E-3,
,,,4.54999971,94.000004232E-3,
,,,4.55999994,94.000004232E-3,
,,,4.56999969,96.000000834E-3,
,,,4.57999992,92.000007629E-3,
,,,4.58999968,94.000004232E-3,
,,,4.59999990,94.000004232E-3,
,,,4.61000013,92.000007629E-3,
,,,4.61999989,90.000003576E-3,
,,,4.63000011,86.000002921E-3,
,,,4.63999987,88.000006974E-3,
,,,4.65000010,86.000002921E-3,
,,,4.65999985,86.000002921E-3,
,,,4.67000008,82.000002265E-3,
,,,4.67999983,84.000006318E-3,
,,,4.69000006,82.000002265E-3,
,,,4.69999981,84.000006318E-3,
,,,4.71000004,80.000005662E-3,
,,,4.71999979,80.000005662E-3,
,,,4.73000002,80.000005662E-3,
,,,4.73999977,78.000001609E-3,
,,,4.75000000,78.000001609E-3,
,,,4.75999975,74.000000954E-3,
,,,4.76999998,72.000004351E-3,
,,,4.77999973,70.000000298E-3,
,,,4.78999996,68.000003695E-3,
,,,4.79999971,65.999999642E-3,
,,,4.80999994,64.000003040E-3,
,,,4.81999969,62.000002712E-3,
,,,4.82999992,62.000002712E-3,
,,,4.83999968,58.000002056E-3,
,,,4.84999990,60.000002384E-3,
,,,4.85999966,58.000002056E-3,
,,,4.86999989,56.000001729E-3,
,,,4.88000011,58.000002056E-3,
,,,4.88999987,54.00000140E-3,
,,,4.90000010,54.00000140E-3,
,,,4.90999985,52.00000107E-3,
,,,4.92000008,52.00000107E-3,
,,,4.92999983,50.00000075E-3,
,,,4.94000006,48.00000042E-3,
,,,4.94999981,48.00000042E-3,
,,,4.96000004,46.00000381E-3,
,,,4.96999979,46.00000381E-3,
,,,4.98000002,46.00000381E-3,
,,,4.98999977,50.00000075E-3,
,,,5.00000000,48.00000042E-3,
,,,5.00999975,48.00000042E-3,
,,,5.01999998,48.00000042E-3,
,,,5.02999973,46.00000381E-3,
,,,5.03999996,48.00000042E-3,
,,,5.04999971,46.00000381E-3,
,,,5.05999994,50.00000075E-3,
,,,5.06999969,50.00000075E-3,
,,,5.07999992,52.00000107E-3,
,,,5.08999968,48.00000042E-3,
,,,5.09999990,50.00000075E-3,
,,,5.10999966,50.00000075E-3,
,,,5.11999989,50.00000075E-3,
,,,5.13000011,54.00000140E-3,
,,,5.13999987,54.00000140E-3,
,,,5.15000010,54.00000140E-3,
,,,5.15999985,60.000002384E-3,
,,,5.17000008,56.000001729E-3,
,,,5.17999983,60.000002384E-3,
,,,5.19000006,62.000002712E-3,
,,,5.19999981,62.000002712E-3,
,,,5.21000004,64.000003040E-3,
,,,5.21999979,64.000003040E-3,
,,,5.23000002,65.999999642E-3,
,,,5.23999977,65.999999642E-3,
,,,5.25000000,70.000000298E-3,
,,,5.25999975,72.000004351E-3,
,,,5.26999998,72.000004351E-3,
,,,5.27999973,74.000000954E-3,
,,,5.28999996,78.000001609E-3,
,,,5.29999971,76.000005007E-3,
,,,5.30999994,76.000005007E-3,
,,,5.31999969,80.000005662E-3,
,,,5.32999992,80.000005662E-3,
,,,5.33999968,82.000002265E-3,
,,,5.34999990,80.000005662E-3,
,,,5.35999966,82.000002265E-3,
,,,5.36999989,84.000006318E-3,
,,,5.38000011,86.000002921E-3,
,,,5.38999987,84.000006318E-3,
,,,5.40000010,84.000006318E-3,
,,,5.40999985,86.000002921E-3,
,,,5.42000008,86.000002921E-3,
,,,5.42999983,84.000006318E-3,
,,,5.44000006,84.000006318E-3,
,,,5.44999981,84.000006318E-3,
,,,5.46000004,84.000006318E-3,
,,,5.46999979,82.000002265E-3,
,,,5.48000002,80.000005662E-3,
,,,5.48999977,82.000002265E-3,
,,,5.50000000,80.000005662E-3,
,,,5.50999975,78.000001609E-3,
,,,5.51999998,78.000001609E-3,
,,,5.52999973,80.000005662E-3,
,,,5.53999996,76.000005007E-3,
,,,5.54999971,78.000001609E-3,
,,,5.55999994,74.000000954E-3,
,,,5.56999969,76.000005007E-3,
,,,5.57999992,72.000004351E-3,
,,,5.58999968,72.000004351E-3,
,,,5.59999990,74.000000954E-3,
,,,5.60999966,70.000000298E-3,
,,,5.61999989,74.000000954E-3,
,,,5.62999964,70.000000298E-3,
,,,5.63999987,76.000005007E-3,
,,,5.65000010,74.000000954E-3,
,,,5.65999985,76.000005007E-3,
,,,5.67000008,74.000000954E-3,
,,,5.67999983,74.000000954E-3,
,,,5.69000006,72.000004351E-3,
,,,5.69999981,74.000000954E-3,
,,,5.71000004,72.000004351E-3,
,,,5.71999979,70.000000298E-3,
,,,5.73000002,72.000004351E-3,
,,,5.73999977,70.000000298E-3,
,,,5.75000000,70.000000298E-3,
,,,5.75999975,72.000004351E-3,
,,,5.76999998,70.000000298E-3,
,,,5.77999973,72.000004351E-3,
,,,5.78999996,72.000004351E-3,
,,,5.79999971,72.000004351E-3,
,,,5.80999994,72.000004351E-3,
,,,5.81999969,72.000004351E-3,
,,,5.82999992,74.000000954E-3,
,,,5.83999968,72.000004351E-3,
,,,5.84999990,74.000000954E-3,
,,,5.85999966,72.000004351E-3,
,,,5.86999989,74.000000954E-3,
,,,5.87999964,70.000000298E-3,
,,,5.88999987,74.000000954E-3,
,,,5.90000010,72.000004351E-3,
,,,5.90999985,72.000004351E-3,
,,,5.92000008,72.000004351E-3,
,,,5.92999983,74.000000954E-3,
,,,5.94000006,76.000005007E-3,
,,,5.94999981,74.000000954E-3,
,,,5.96000004,76.000005007E-3,
,,,5.96999979,74.000000954E-3,
,,,5.98000002,76.000005007E-3,
,,,5.98999977,78.000001609E-3,
,,,6.00000000,78.000001609E-3,
,,,6.00999975,78.000001609E-3,
,,,6.01999998,82.000002265E-3,
,,,6.02999973,84.000006318E-3,
,,,6.03999996,80.000005662E-3,
,,,6.04999971,82.000002265E-3,
,,,6.05999994,80.000005662E-3,
,,,6.06999969,82.000002265E-3,
,,,6.07999992,82.000002265E-3,
,,,6.08999968,82.000002265E-3,
,,,6.09999990,82.000002265E-3,
,,,6.10999966,82.000002265E-3,
,,,6.11999989,84.000006318E-3,
,,,6.12999964,82.000002265E-3,
,,,6.13999987,82.000002265E-3,
,,,6.15000010,82.000002265E-3,
,,,6.15999985,80.000005662E-3,
,,,6.17000008,82.000002265E-3,
,,,6.17999983,82.000002265E-3,
,,,6.19000006,78.000001609E-3,
,,,6.19999981,78.000001609E-3,
,,,6.21000004,76.000005007E-3,
,,,6.21999979,76.000005007E-3,
,,,6.23000002,74.000000954E-3,
,,,6.23999977,72.000004351E-3,
,,,6.25000000,74.000000954E-3,
,,,6.25999975,70.000000298E-3,
,,,6.26999998,70.000000298E-3,
,,,6.27999973,68.000003695E-3,
,,,6.28999996,64.000003040E-3,
,,,6.29999971,60.000002384E-3,
,,,6.30999994,60.000002384E-3,
,,,6.31999969,56.000001729E-3,
,,,6.32999992,54.00000140E-3,
,,,6.33999968,54.00000140E-3,
,,,6.34999990,52.00000107E-3,
,,,6.35999966,46.00000381E-3,
,,,6.36999989,50.00000075E-3,
,,,6.37999964,46.00000381E-3,
,,,6.38999987,46.00000381E-3,
,,,6.39999962,44.00000349E-3,
,,,6.40999985,42.00000316E-3,
,,,6.42000008,38.00000250E-3,
,,,6.42999983,40.00000283E-3,
,,,6.44000006,36.00000218E-3,
,,,6.44999981,38.00000250E-3,
,,,6.46000004,34.00000185E-3,
,,,6.46999979,32.00000152E-3,
,,,6.48000002,28.00000086E-3,
,,,6.48999977,30.00000119E-3,
,,,6.50000000,30.00000119E-3,
,,,6.50999975,30.00000119E-3,
,,,6.51999998,28.00000086E-3,
,,,6.52999973,30.00000119E-3,
,,,6.53999996,28.00000086E-3,
,,,6.54999971,28.00000086E-3,
,,,6.55999994,28.00000086E-3,
,,,6.56999969,28.00000086E-3,
,,,6.57999992,30.00000119E-3,
,,,6.58999968,28.00000086E-3,
,,,6.59999990,26.00000054E-3,
,,,6.60999966,30.00000119E-3,
,,,6.61999989,26.00000054E-3,
,,,6.62999964,32.00000152E-3,
,,,6.63999987,32.00000152E-3,
,,,6.64999962,32.00000152E-3,
,,,6.65999985,38.00000250E-3,
,,,6.67000008,36.00000218E-3,
,,,6.67999983,36.00000218E-3,
,,,6.69000006,38.00000250E-3,
,,,6.69999981,38.00000250E-3,
,,,6.71000004,40.00000283E-3,
,,,6.71999979,42.00000316E-3,
,,,6.73000002,42.00000316E-3,
,,,6.73999977,48.00000042E-3,
,,,6.75000000,46.00000381E-3,
,,,6.75999975,46.00000381E-3,
,,,6.76999998,50.00000075E-3,
,,,6.77999973,50.00000075E-3,
,,,6.78999996,52.00000107E-3,
,,,6.79999971,52.00000107E-3,
,,,6.80999994,54.00000140E-3,
,,,6.81999969,56.000001729E-3,
,,,6.82999992,60.000002384E-3,
,,,6.83999968,58.000002056E-3,
,,,6.84999990,60.000002384E-3,
,,,6.85999966,62.000002712E-3,
,,,6.86999989,64.000003040E-3,
,,,6.87999964,62.000002712E-3,
,,,6.88999987,68.000003695E-3,
,,,6.89999962,65.999999642E-3,
,,,6.90999985,68.000003695E-3,
,,,6.92000008,68.000003695E-3,
,,,6.92999983,68.000003695E-3,
,,,6.94000006,68.000003695E-3,
,,,6.94999981,72.000004351E-3,
,,,6.96000004,70.000000298E-3,
,,,6.96999979,72.000004351E-3,
,,,6.98000002,72.000004351E-3,
,,,6.98999977,72.000004351E-3,
,,,7.00000000,70.000000298E-3,
,,,7.00999975,68.000003695E-3,
,,,7.01999998,65.999999642E-3,
,,,7.02999973,65.999999642E-3,
,,,7.03999996,64.000003040E-3,
,,,7.04999971,64.000003040E-3,
,,,7.05999994,64.000003040E-3,
,,,7.06999969,64.000003040E-3,
,,,7.07999992,60.000002384E-3,
,,,7.08999968,62.000002712E-3,
,,,7.09999990,60.000002384E-3,
,,,7.10999966,60.000002384E-3,
,,,7.11999989,60.000002384E-3,
,,,7.12999964,58.000002056E-3,
,,,7.13999987,56.000001729E-3,
,,,7.14999962,60.000002384E-3,
,,,7.15999985,60.000002384E-3,
,,,7.17000008,60.000002384E-3,
,,,7.17999983,54.00000140E-3,
,,,7.19000006,56.000001729E-3,
,,,7.19999981,58.000002056E-3,
,,,7.21000004,60.000002384E-3,
,,,7.21999979,56.000001729E-3,
,,,7.23000002,58.000002056E-3,
,,,7.23999977,52.00000107E-3,
,,,7.25000000,56.000001729E-3,
,,,7.25999975,58.000002056E-3,
,,,7.26999998,54.00000140E-3,
,,,7.27999973,54.00000140E-3,
,,,7.28999996,56.000001729E-3,
,,,7.29999971,56.000001729E-3,
,,,7.30999994,56.000001729E-3,
,,,7.31999969,56.000001729E-3,
,,,7.32999992,56.000001729E-3,
,,,7.33999968,56.000001729E-3,
,,,7.34999990,58.000002056E-3,
,,,7.35999966,62.000002712E-3,
,,,7.36999989,58.000002056E-3,
,,,7.37999964,56.000001729E-3,
,,,7.389999866,54.00000140E-3,
,,,7.399999619,54.00000140E-3,
,,,7.409999847,54.00000140E-3,
,,,7.419999599,54.00000140E-3,
,,,7.429999828,54.00000140E-3,
,,,7.440000057,54.00000140E-3,
,,,7.449999809,56.000001729E-3,
,,,7.460000038,56.000001729E-3,
,,,7.469999790,60.000002384E-3,
,,,7.480000019,56.000001729E-3,
,,,7.489999771,60.000002384E-3,
,,,7.500000000,60.000002384E-3,
,,,7.509999752,64.000003040E-3,
,,,7.519999981,62.000002712E-3,
,,,7.529999733,65.999999642E-3,
,,,7.539999962,62.000002712E-3,
,,,7.549999714,68.000003695E-3,
,,,7.559999943,68.000003695E-3,
,,,7.569999695,68.000003695E-3,
,,,7.579999924,72.000004351E-3,
,,,7.589999676,70.000000298E-3,
,,,7.599999905,68.000003695E-3,
,,,7.609999657,72.000004351E-3,
,,,7.619999886,74.000000954E-3,
,,,7.629999638,76.000005007E-3,
,,,7.639999866,74.000000954E-3,
,,,7.649999619,76.000005007E-3,
,,,7.659999847,74.000000954E-3,
,,,7.669999599,78.000001609E-3,
,,,7.679999828,76.000005007E-3,
,,,7.690000057,78.000001609E-3,
,,,7.699999809,74.000000954E-3,
,,,7.710000038,76.000005007E-3,
,,,7.719999790,76.000005007E-3,
,,,7.730000019,74.000000954E-3,
,,,7.739999771,72.000004351E-3,
,,,7.750000000,72.000004351E-3,
,,,7.759999752,68.000003695E-3,
,,,7.769999981,68.000003695E-3,
,,,7.779999733,65.999999642E-3,
,,,7.789999962,65.999999642E-3,
,,,7.799999714,62.000002712E-3,
,,,7.809999943,62.000002712E-3,
,,,7.819999695,58.000002056E-3,
,,,7.829999924,54.00000140E-3,
,,,7.839999676,52.00000107E-3,
,,,7.849999905,54.00000140E-3,
,,,7.859999657,48.00000042E-3,
,,,7.869999886,48.00000042E-3,
,,,7.879999638,46.00000381E-3,
,,,7.889999866,42.00000316E-3,
,,,7.899999619,42.00000316E-3,
,,,7.909999847,40.00000283E-3,
,,,7.919999599,36.00000218E-3,
,,,7.929999828,34.00000185E-3,
,,,7.940000057,34.00000185E-3,
,,,7.949999809,30.00000119E-3,
,,,7.960000038,26.00000054E-3,
,,,7.969999790,26.00000054E-3,
,,,7.980000019,24.00000021E-3,
,,,7.989999771,22.00000174E-3,
,,,8.000000000,18.0000011E-3,
,,,8.010000229,18.0000011E-3,
,,,8.019999504,16.0000008E-3,
,,,8.029999733,14.0000004E-3,
,,,8.039999962,14.0000004E-3,
,,,8.050000191,10.0000007E-3,
,,,8.059999466,8.000000380E-3,
,,,8.069999695,10.0000007E-3,
,,,8.079999924,10.0000007E-3,
,,,8.090000153,10.0000007E-3,
,,,8.099999428,8.000000380E-3,
,,,8.109999657,10.0000007E-3,
,,,8.119999886,8.000000380E-3,
,,,8.130000114,10.0000007E-3,
,,,8.139999390,8.000000380E-3,
,,,8.149999619,10.0000007E-3,
,,,8.159999847,10.0000007E-3,
,,,8.170000076,10.0000007E-3,
,,,8.179999352,10.0000007E-3,
,,,8.189999580,12.0000001E-3,
,,,8.199999809,12.0000001E-3,
,,,8.210000038,14.0000004E-3,
,,,8.220000267,16.0000008E-3,
,,,8.229999542,18.0000011E-3,
,,,8.239999771,18.0000011E-3,
,,,8.250000000,18.0000011E-3,
,,,8.260000229,22.00000174E-3,
,,,8.269999504,22.00000174E-3,
,,,8.279999733,22.00000174E-3,
,,,8.289999962,26.00000054E-3,
,,,8.300000191,26.00000054E-3,
,,,8.309999466,32.00000152E-3,
,,,8.319999695,30.00000119E-3,
,,,8.329999924,32.00000152E-3,
,,,8.340000153,36.00000218E-3,
,,,8.349999428,38.00000250E-3,
,,,8.359999657,40.00000283E-3,
,,,8.369999886,38.00000250E-3,
,,,8.380000114,42.00000316E-3,
,,,8.389999390,42.00000316E-3,
,,,8.399999619,46.00000381E-3,
,,,8.409999847,46.00000381E-3,
,,,8.420000076,50.00000075E-3,
,,,8.429999352,52.00000107E-3,
,,,8.439999580,50.00000075E-3,
,,,8.449999809,54.00000140E-3,
,,,8.460000038,52.00000107E-3,
,,,8.470000267,60.000002384E-3,
,,,8.479999542,60.000002384E-3,
,,,8.489999771,60.000002384E-3,
,,,8.500000000,60.000002384E-3,
,,,8.510000229,64.000003040E-3,
,,,8.519999504,60.000002384E-3,
,,,8.529999733,62.000002712E-3,
,,,8.539999962,60.000002384E-3,
,,,8.550000191,60.000002384E-3,
,,,8.559999466,58.000002056E-3,
,,,8.569999695,60.000002384E-3,
,,,8.579999924,58.000002056E-3,
,,,8.590000153,56.000001729E-3,
,,,8.599999428,54.00000140E-3,
,,,8.609999657,54.00000140E-3,
,,,8.619999886,50.00000075E-3,
,,,8.630000114,54.00000140E-3,
,,,8.639999390,54.00000140E-3,
,,,8.649999619,56.000001729E-3,
,,,8.659999847,50.00000075E-3,
,,,8.670000076,50.00000075E-3,
,,,8.679999352,50.00000075E-3,
,,,8.689999580,48.00000042E-3,
,,,8.699999809,48.00000042E-3,
,,,8.710000038,48.00000042E-3,
,,,8.720000267,46.00000381E-3,
,,,8.729999542,50.00000075E-3,
,,,8.739999771,48.00000042E-3,
,,,8.750000000,46.00000381E-3,
,,,8.760000229,48.00000042E-3,
,,,8.769999504,48.00000042E-3,
,,,8.779999733,50.00000075E-3,
,,,8.789999962,50.00000075E-3,
,,,8.800000191,48.00000042E-3,
,,,8.809999466,50.00000075E-3,
,,,8.819999695,50.00000075E-3,
,,,8.829999924,50.00000075E-3,
,,,8.840000153,52.00000107E-3,
,,,8.849999428,50.00000075E-3,
,,,8.859999657,52.00000107E-3,
,,,8.869999886,50.00000075E-3,
,,,8.880000114,50.00000075E-3,
,,,8.889999390,50.00000075E-3,
,,,8.899999619,52.00000107E-3,
,,,8.909999847,50.00000075E-3,
,,,8.920000076,50.00000075E-3,
,,,8.929999352,52.00000107E-3,
,,,8.939999580,48.00000042E-3,
,,,8.949999809,50.00000075E-3,
,,,8.960000038,50.00000075E-3,
,,,8.970000267,50.00000075E-3,
,,,8.979999542,48.00000042E-3,
,,,8.989999771,50.00000075E-3,
,,,9.000000000,54.00000140E-3,
,,,9.010000229,52.00000107E-3,
,,,9.019999504,50.00000075E-3,
,,,9.029999733,52.00000107E-3,
,,,9.039999962,52.00000107E-3,
,,,9.050000191,54.00000140E-3,
,,,9.059999466,56.000001729E-3,
,,,9.069999695,54.00000140E-3,
,,,9.079999924,60.000002384E-3,
,,,9.090000153,62.000002712E-3,
,,,9.099999428,60.000002384E-3,
,,,9.109999657,62.000002712E-3,
,,,9.119999886,62.000002712E-3,
,,,9.130000114,64.000003040E-3,
,,,9.139999390,65.999999642E-3,
,,,9.149999619,70.000000298E-3,
,,,9.159999847,68.000003695E-3,
,,,9.170000076,70.000000298E-3,
,,,9.179999352,70.000000298E-3,
,,,9.189999580,72.000004351E-3,
,,,9.199999809,74.000000954E-3,
,,,9.210000038,72.000004351E-3,
,,,9.220000267,74.000000954E-3,
,,,9.229999542,74.000000954E-3,
,,,9.239999771,72.000004351E-3,
,,,9.250000000,74.000000954E-3,
,,,9.260000229,72.000004351E-3,
,,,9.269999504,74.000000954E-3,
,,,9.279999733,72.000004351E-3,
,,,9.289999962,70.000000298E-3,
,,,9.300000191,70.000000298E-3,
,,,9.309999466,68.000003695E-3,
,,,9.319999695,65.999999642E-3,
,,,9.329999924,62.000002712E-3,
,,,9.340000153,62.000002712E-3,
,,,9.349999428,58.000002056E-3,
,,,9.359999657,56.000001729E-3,
,,,9.369999886,54.00000140E-3,
,,,9.380000114,52.00000107E-3,
,,,9.389999390,52.00000107E-3,
,,,9.399999619,50.00000075E-3,
,,,9.409999847,44.00000349E-3,
,,,9.420000076,40.00000283E-3,
,,,9.429999352,40.00000283E-3,
,,,9.439999580,36.00000218E-3,
,,,9.449999809,34.00000185E-3,
,,,9.460000038,32.00000152E-3,
,,,9.469999313,28.00000086E-3,
,,,9.479999542,24.00000021E-3,
,,,9.489999771,24.00000021E-3,
,,,9.500000000,20.0000014E-3,
,,,9.510000229,14.0000004E-3,
,,,9.519999504,16.0000008E-3,
,,,9.529999733,12.0000001E-3,
,,,9.539999962,12.0000001E-3,
,,,9.550000191,8.000000380E-3,
,,,9.559999466,8.000000380E-3,
,,,9.569999695,4.00000019E-3,
,,,9.579999924,0.0,
,,,9.590000153,0.0,
,,,9.599999428,0.0,
,,,9.609999657,-2.0000001E-3,
,,,9.619999886,-2.0000001E-3,
,,,9.630000114,-4.00000019E-3,
,,,9.639999390,-4.00000019E-3,
,,,9.649999619,-8.000000380E-3,
,,,9.659999847,-4.00000019E-3,
,,,9.670000076,-6.00000005E-3,
,,,9.679999352,-6.00000005E-3,
,,,9.689999580,-6.00000005E-3,
,,,9.699999809,-2.0000001E-3,
,,,9.710000038,-2.0000001E-3,
,,,9.719999313,-4.00000019E-3,
,,,9.729999542,-2.0000001E-3,
,,,9.739999771,-2.0000001E-3,
,,,9.750000000,-2.0000001E-3,
,,,9.760000229,2.0000001E-3,
,,,9.769999504,4.00000019E-3,
,,,9.779999733,6.00000005E-3,
,,,9.789999962,8.000000380E-3,
,,,9.800000191,8.000000380E-3,
,,,9.809999466,12.0000001E-3,
,,,9.819999695,14.0000004E-3,
,,,9.829999924,18.0000011E-3,
,,,9.840000153,18.0000011E-3,
,,,9.849999428,22.00000174E-3,
,,,9.859999657,24.00000021E-3,
,,,9.869999886,28.00000086E-3,
,,,9.880000114,32.00000152E-3,
,,,9.889999390,36.00000218E-3,
,,,9.899999619,36.00000218E-3,
,,,9.909999847,38.00000250E-3,
,,,9.920000076,42.00000316E-3,
,,,9.929999352,46.00000381E-3,
,,,9.939999580,46.00000381E-3,
,,,9.949999809,48.00000042E-3,
,,,9.960000038,54.00000140E-3,
,,,9.969999313,54.00000140E-3,
,,,9.979999542,56.000001729E-3,
,,,9.989999771,60.000002384E-3,
,,,10.0000000,62.000002712E-3,
,,,10.0100002,65.999999642E-3,
,,,10.0199995,64.000003040E-3,
,,,10.0299997,70.000000298E-3,
,,,10.0400000,72.000004351E-3,
,,,10.0500002,74.000000954E-3,
,,,10.0599995,76.000005007E-3,
,,,10.0699997,76.000005007E-3,
,,,10.0799999,74.000000954E-3,
,,,10.0900002,76.000005007E-3,
,,,10.0999994,72.000004351E-3,
,,,10.1099997,76.000005007E-3,
,,,10.1199999,74.000000954E-3,
,,,10.1300001,72.000004351E-3,
,,,10.1399994,74.000000954E-3,
,,,10.1499996,72.000004351E-3,
,,,10.1599998,74.000000954E-3,
,,,10.1700001,72.000004351E-3,
,,,10.1799994,72.000004351E-3,
,,,10.1899996,72.000004351E-3,
,,,10.1999998,70.000000298E-3,
,,,10.2100000,70.000000298E-3,
,,,10.2199993,70.000000298E-3,
,,,10.2299995,72.000004351E-3,
,,,10.2399998,72.000004351E-3,
,,,10.2500000,68.000003695E-3,
,,,10.2600002,72.000004351E-3,
,,,10.2699995,68.000003695E-3,
,,,10.2799997,72.000004351E-3,
,,,10.2900000,65.999999642E-3,
,,,10.3000002,68.000003695E-3,
,,,10.3099995,68.000003695E-3,
,,,10.3199997,65.999999642E-3,
,,,10.3299999,70.000000298E-3,
,,,10.3400002,70.000000298E-3,
,,,10.3499994,70.000000298E-3,
,,,10.3599997,68.000003695E-3,
,,,10.3699999,70.000000298E-3,
,,,10.3800001,68.000003695E-3,
,,,10.3899994,68.000003695E-3,
,,,10.3999996,65.999999642E-3,
,,,10.4099998,68.000003695E-3,
,,,10.4200001,68.000003695E-3,
,,,10.4299994,64.000003040E-3,
,,,10.4399996,64.000003040E-3,
,,,10.4499998,65.999999642E-3,
,,,10.4600000,64.000003040E-3,
,,,10.4699993,65.999999642E-3,
,,,10.4799995,68.000003695E-3,
,,,10.4899998,65.999999642E-3,
,,,10.5000000,65.999999642E-3,
,,,10.5100002,70.000000298E-3,
,,,10.5199995,70.000000298E-3,
,,,10.5299997,68.000003695E-3,
,,,10.5400000,68.000003695E-3,
,,,10.5500002,68.000003695E-3,
,,,10.5599995,68.000003695E-3,
,,,10.5699997,65.999999642E-3,
,,,10.5799999,68.000003695E-3,
,,,10.5900002,68.000003695E-3,
,,,10.5999994,65.999999642E-3,
,,,10.6099997,65.999999642E-3,
,,,10.6199999,72.000004351E-3,
,,,10.6300001,68.000003695E-3,
,,,10.6399994,74.000000954E-3,
,,,10.6499996,72.000004351E-3,
,,,10.6599998,74.000000954E-3,
,,,10.6700001,74.000000954E-3,
,,,10.6799994,74.000000954E-3,
,,,10.6899996,72.000004351E-3,
,,,10.6999998,76.000005007E-3,
,,,10.7100000,74.000000954E-3,
,,,10.7199993,70.000000298E-3,
,,,10.7299995,74.000000954E-3,
,,,10.7399998,74.000000954E-3,
,,,10.7500000,78.000001609E-3,
,,,10.7600002,78.000001609E-3,
,,,10.7699995,78.000001609E-3,
,,,10.7799997,78.000001609E-3,
,,,10.7900000,78.000001609E-3,
,,,10.8000002,80.000005662E-3,
,,,10.8099995,74.000000954E-3,
,,,10.8199997,78.000001609E-3,
,,,10.8299999,74.000000954E-3,
,,,10.8400002,74.000000954E-3,
,,,10.8499994,72.000004351E-3,
,,,10.8599997,68.000003695E-3,
,,,10.8699999,68.000003695E-3,
,,,10.8800001,64.000003040E-3,
,,,10.8899994,64.000003040E-3,
,,,10.8999996,60.000002384E-3,
,,,10.9099998,58.000002056E-3,
,,,10.9200001,54.00000140E-3,
,,,10.9299994,52.00000107E-3,
,,,10.9399996,48.00000042E-3,
,,,10.9499998,46.00000381E-3,
,,,10.9600000,42.00000316E-3,
,,,10.9699993,42.00000316E-3,
,,,10.9799995,36.00000218E-3,
,,,10.9899998,32.00000152E-3,
,,,11.0000000,30.00000119E-3,
,,,11.0100002,26.00000054E-3,
,,,11.0199995,22.00000174E-3,
,,,11.0299997,16.0000008E-3,
,,,11.0400000,16.0000008E-3,
,,,11.0500002,10.0000007E-3,
,,,11.0599995,6.00000005E-3,
,,,11.0699997,4.00000019E-3,
,,,11.0799999,0.0,
,,,11.0900002,0.0,
,,,11.0999994,0.0,
,,,11.1099997,-2.0000001E-3,
,,,11.1199999,-4.00000019E-3,
,,,11.1300001,-6.00000005E-3,
,,,11.1399994,-6.00000005E-3,
,,,11.1499996,-8.000000380E-3,
,,,11.1599998,-8.000000380E-3,
,,,11.1700001,-10.0000007E-3,
,,,11.1799994,-10.0000007E-3,
,,,11.1899996,-10.0000007E-3,
,,,11.1999998,-8.000000380E-3,
,,,11.2100000,-8.000000380E-3,
,,,11.2199993,-6.00000005E-3,
,,,11.2299995,-8.000000380E-3,
,,,11.2399998,-6.00000005E-3,
,,,11.2500000,-4.00000019E-3,
,,,11.2599993,-4.00000019E-3,
,,,11.2699995,-4.00000019E-3,
,,,11.2799997,-4.00000019E-3,
,,,11.2900000,-4.00000019E-3,
,,,11.3000002,-4.00000019E-3,
,,,11.3099995,0.0,
,,,11.3199997,-2.0000001E-3,
,,,11.3299999,4.00000019E-3,
,,,11.3400002,4.00000019E-3,
,,,11.3499994,12.0000001E-3,
,,,11.3599997,12.0000001E-3,
,,,11.3699999,16.0000008E-3,
,,,11.3800001,22.00000174E-3,
,,,11.3899994,28.00000086E-3,
,,,11.3999996,26.00000054E-3,
,,,11.4099998,30.00000119E-3,
,,,11.4200001,36.00000218E-3,
,,,11.4299994,36.00000218E-3,
,,,11.4399996,42.00000316E-3,
,,,11.4499998,40.00000283E-3,
,,,11.4600000,44.00000349E-3,
,,,11.4699993,46.00000381E-3,
,,,11.4799995,52.00000107E-3,
,,,11.4899998,52.00000107E-3,
,,,11.5000000,56.000001729E-3,
,,,11.5099993,58.000002056E-3,
,,,11.5199995,62.000002712E-3,
,,,11.5299997,65.999999642E-3,
,,,11.5400000,68.000003695E-3,
,,,11.5500002,70.000000298E-3,
,,,11.5599995,74.000000954E-3,
,,,11.5699997,76.000005007E-3,
,,,11.5799999,74.000000954E-3,
,,,11.5900002,78.000001609E-3,
,,,11.5999994,78.000001609E-3,
,,,11.6099997,80.000005662E-3,
,,,11.6199999,78.000001609E-3,
,,,11.6300001,80.000005662E-3,
,,,11.6399994,82.000002265E-3,
,,,11.6499996,84.000006318E-3,
,,,11.6599998,84.000006318E-3,
,,,11.6700001,84.000006318E-3,
,,,11.6799994,84.000006318E-3,
,,,11.6899996,86.000002921E-3,
,,,11.6999998,86.000002921E-3,
,,,11.7100000,90.000003576E-3,
,,,11.7199993,90.000003576E-3,
,,,11.7299995,92.000007629E-3,
,,,11.7399998,88.000006974E-3,
,,,11.7500000,90.000003576E-3,
,,,11.7599993,88.000006974E-3,
,,,11.7699995,92.000007629E-3,
,,,11.7799997,92.000007629E-3,
,,,11.7900000,90.000003576E-3,
,,,11.8000002,90.000003576E-3,
,,,11.8099995,92.000007629E-3,
,,,11.8199997,94.000004232E-3,
,,,11.8299999,92.000007629E-3,
,,,11.8400002,94.000004232E-3,
,,,11.8499994,96.000000834E-3,
,,,11.8599997,92.000007629E-3,
,,,11.8699999,92.000007629E-3,
,,,11.8800001,94.000004232E-3,
,,,11.8899994,94.000004232E-3,
,,,11.8999996,92.000007629E-3,
,,,11.9099998,96.000000834E-3,
,,,11.9200001,94.000004232E-3,
,,,11.9299994,96.000000834E-3,
,,,11.9399996,96.000000834E-3,
,,,11.9499998,96.000000834E-3,
,,,11.9600000,94.000004232E-3,
,,,11.9699993,96.000000834E-3,
,,,11.9799995,96.000000834E-3,
,,,11.9899998,94.000004232E-3,
,,,12.0000000,92.000007629E-3,
,,,12.0099993,94.000004232E-3,
,,,12.0199995,96.000000834E-3,
,,,12.0299997,94.000004232E-3,
,,,12.0400000,96.000000834E-3,
,,,12.0500002,96.000000834E-3,
,,,12.0599995,98.000004888E-3,
,,,12.0699997,96.000000834E-3,
,,,12.0799999,96.000000834E-3,
,,,12.0900002,94.000004232E-3,
,,,12.0999994,96.000000834E-3,
,,,12.1099997,94.000004232E-3,
,,,12.1199999,96.000000834E-3,
,,,12.1300001,96.000000834E-3,
,,,12.1399994,94.000004232E-3,
,,,12.1499996,94.000004232E-3,
,,,12.1599998,96.000000834E-3,
,,,12.1700001,96.000000834E-3,
,,,12.1799994,98.000004888E-3,
,,,12.1899996,98.000004888E-3,
,,,12.1999998,96.000000834E-3,
,,,12.2100000,96.000000834E-3,
,,,12.2199993,96.000000834E-3,
,,,12.2299995,96.000000834E-3,
,,,12.2399998,94.000004232E-3,
,,,12.2500000,96.000000834E-3,
,,,12.2599993,98.000004888E-3,
,,,12.2699995,94.000004232E-3,
,,,12.2799997,96.000000834E-3,
,,,12.2900000,94.000004232E-3,
,,,12.3000002,96.000000834E-3,
,,,12.3099995,94.000004232E-3,
,,,12.3199997,96.000000834E-3,
,,,12.3299999,96.000000834E-3,
,,,12.3400002,98.000004888E-3,
,,,12.3499994,96.000000834E-3,
,,,12.3599997,96.000000834E-3,
,,,12.3699999,98.000004888E-3,
,,,12.3800001,96.000000834E-3,
,,,12.3899994,96.000000834E-3,
,,,12.3999996,96.000000834E-3,
,,,12.4099998,96.000000834E-3,
,,,12.4200001,98.000004888E-3,
,,,12.4299994,100.0000015E-3,
,,,12.4399996,96.000000834E-3,
,,,12.4499998,98.000004888E-3,
,,,12.4600000,100.0000015E-3,
,,,12.4699993,98.000004888E-3,
,,,12.4799995,96.000000834E-3,
,,,12.4899998,96.000000834E-3,
,,,12.5000000,98.000004888E-3,
,,,12.5099993,94.000004232E-3,
,,,12.5199995,96.000000834E-3,
,,,12.5299997,96.000000834E-3,
,,,12.5400000,96.000000834E-3,
,,,12.5500002,96.000000834E-3,
,,,12.5599995,96.000000834E-3,
,,,12.5699997,98.000004888E-3,
,,,12.5799999,96.000000834E-3,
,,,12.5900002,94.000004232E-3,
,,,12.5999994,96.000000834E-3,
,,,12.6099997,98.000004888E-3,
,,,12.6199999,98.000004888E-3,
,,,12.6300001,94.000004232E-3,
,,,12.6399994,96.000000834E-3,
,,,12.6499996,96.000000834E-3,
,,,12.6599998,96.000000834E-3,
,,,12.6700001,96.000000834E-3,
,,,12.6799994,96.000000834E-3,
,,,12.6899996,98.000004888E-3,
,,,12.6999998,98.000004888E-3,
,,,12.7100000,100.0000015E-3,
,,,12.7199993,96.000000834E-3,
,,,12.7299995,96.000000834E-3,
,,,12.7399998,98.000004888E-3,
,,,12.7500000,100.0000015E-3,
,,,12.7599993,96.000000834E-3,
,,,12.7699995,96.000000834E-3,
,,,12.7799997,96.000000834E-3,
,,,12.7900000,96.000000834E-3,
,,,12.7999992,96.000000834E-3,
,,,12.8099995,102.0000055E-3,
,,,12.8199997,96.000000834E-3,
,,,12.8299999,100.0000015E-3,
,,,12.8400002,98.000004888E-3,
,,,12.8499994,96.000000834E-3,
,,,12.8599997,96.000000834E-3,
,,,12.8699999,98.000004888E-3,
,,,12.8800001,96.000000834E-3,
,,,12.8899994,94.000004232E-3,
,,,12.8999996,96.000000834E-3,
,,,12.9099998,98.000004888E-3,
,,,12.9200001,96.000000834E-3,
,,,12.9299994,98.000004888E-3,
,,,12.9399996,94.000004232E-3,
,,,12.9499998,100.0000015E-3,
,,,12.9600000,98.000004888E-3,
,,,12.9699993,96.000000834E-3,
,,,12.9799995,98.000004888E-3,
,,,12.9899998,96.000000834E-3,
,,,13.0000000,96.000000834E-3,
,,,13.0099993,92.000007629E-3,
,,,13.0199995,94.000004232E-3,
,,,13.0299997,94.000004232E-3,
,,,13.0400000,96.000000834E-3,
,,,13.0499992,98.000004888E-3,
,,,13.0599995,96.000000834E-3,
,,,13.0699997,94.000004232E-3,
,,,13.0799999,94.000004232E-3,
,,,13.0900002,96.000000834E-3,
,,,13.0999994,94.000004232E-3,
,,,13.1099997,94.000004232E-3,
,,,13.1199999,96.000000834E-3,
,,,13.1300001,96.000000834E-3,
,,,13.1399994,96.000000834E-3,
,,,13.1499996,96.000000834E-3,
,,,13.1599998,94.000004232E-3,
,,,13.1700001,98.000004888E-3,
,,,13.1799994,96.000000834E-3,
,,,13.1899996,96.000000834E-3,
,,,13.1999998,98.000004888E-3,
,,,13.2100000,96.000000834E-3,
,,,13.2199993,96.000000834E-3,
,,,13.2299995,96.000000834E-3,
,,,13.2399998,96.000000834E-3,
,,,13.2500000,96.000000834E-3,
,,,13.2599993,100.0000015E-3,
,,,13.2699995,100.0000015E-3,
,,,13.2799997,98.000004888E-3,
,,,13.2900000,96.000000834E-3,
,,,13.2999992,94.000004232E-3,
,,,13.3099995,96.000000834E-3,
,,,13.3199997,98.000004888E-3,
,,,13.3299999,98.000004888E-3,
,,,13.3400002,96.000000834E-3,
,,,13.3499994,98.000004888E-3,
,,,13.3599997,100.0000015E-3,
,,,13.3699999,98.000004888E-3,
,,,13.3800001,96.000000834E-3,
,,,13.3899994,96.000000834E-3,
,,,13.3999996,96.000000834E-3,
,,,13.4099998,98.000004888E-3,
,,,13.4200001,96.000000834E-3,
,,,13.4299994,96.000000834E-3,
,,,13.4399996,96.000000834E-3,
,,,13.4499998,96.000000834E-3,
,,,13.4600000,96.000000834E-3,
,,,13.4699993,94.000004232E-3,
,,,13.4799995,94.000004232E-3,
,,,13.4899998,96.000000834E-3,
,,,13.5000000,98.000004888E-3,
,,,13.5099993,98.000004888E-3,
,,,13.5199995,98.000004888E-3,
,,,13.5299997,96.000000834E-3,
,,,13.5400000,96.000000834E-3,
,,,13.5499992,100.0000015E-3,
,,,13.5599995,94.000004232E-3,
,,,13.5699997,96.000000834E-3,
,,,13.5799999,96.000000834E-3,
,,,13.5900002,96.000000834E-3,
,,,13.5999994,96.000000834E-3,
,,,13.6099997,94.000004232E-3,
,,,13.6199999,96.000000834E-3,
,,,13.6300001,96.000000834E-3,
,,,13.6399994,98.000004888E-3,
,,,13.6499996,96.000000834E-3,
,,,13.6599998,98.000004888E-3,
,,,13.6700001,96.000000834E-3,
,,,13.6799994,96.000000834E-3,
,,,13.6899996,96.000000834E-3,
,,,13.6999998,96.000000834E-3,
,,,13.7100000,96.000000834E-3,
,,,13.7199993,94.000004232E-3,
,,,13.7299995,100.0000015E-3,
,,,13.7399998,94.000004232E-3,
,,,13.7500000,96.000000834E-3,
,,,13.7599993,96.000000834E-3,
,,,13.7699995,94.000004232E-3,
,,,13.7799997,96.000000834E-3,
,,,13.7900000,96.000000834E-3,
,,,13.7999992,98.000004888E-3,
,,,13.8099995,96.000000834E-3,
,,,13.8199997,96.000000834E-3,
,,,13.8299999,98.000004888E-3,
,,,13.8400002,96.000000834E-3,
,,,13.8499994,94.000004232E-3,
,,,13.8599997,94.000004232E-3,
,,,13.8699999,94.000004232E-3,
,,,13.8800001,96.000000834E-3,
,,,13.8899994,94.000004232E-3,
,,,13.8999996,96.000000834E-3,
,,,13.9099998,94.000004232E-3,
,,,13.9200001,96.000000834E-3,
,,,13.9299994,94.000004232E-3,
,,,13.9399996,94.000004232E-3,
,,,13.9499998,98.000004888E-3,
,,,13.9600000,96.000000834E-3,
,,,13.9699993,94.000004232E-3,
,,,13.9799995,96.000000834E-3,
,,,13.9899998,94.000004232E-3,
,,,14.0000000,96.000000834E-3,
,,,14.0099993,94.000004232E-3,
,,,14.0199995,96.000000834E-3,
,,,14.0299997,98.000004888E-3,
,,,14.0400000,96.000000834E-3,
,,,14.0499992,96.000000834E-3,
,,,14.0599995,96.000000834E-3,
,,,14.0699997,94.000004232E-3,
,,,14.0799999,94.000004232E-3,
,,,14.0900002,96.000000834E-3,
,,,14.0999994,98.000004888E-3,
,,,14.1099997,96.000000834E-3,
,,,14.1199999,98.000004888E-3,
,,,14.1300001,96.000000834E-3,
,,,14.1399994,96.000000834E-3,
,,,14.1499996,96.000000834E-3,
,,,14.1599998,94.000004232E-3,
,,,14.1700001,100.0000015E-3,
,,,14.1799994,96.000000834E-3,
,,,14.1899996,96.000000834E-3,
,,,14.1999998,96.000000834E-3,
,,,14.2100000,92.000007629E-3,
,,,14.2199993,98.000004888E-3,
,,,14.2299995,96.000000834E-3,
,,,14.2399998,96.000000834E-3,
,,,14.2500000,94.000004232E-3,
,,,14.2599993,94.000004232E-3,
,,,14.2699995,96.000000834E-3,
,,,14.2799997,96.000000834E-3,
,,,14.2900000,94.000004232E-3,
,,,14.2999992,96.000000834E-3,
,,,14.3099995,94.000004232E-3,
,,,14.3199997,96.000000834E-3,
,,,14.3299999,98.000004888E-3,
,,,14.3400002,94.000004232E-3,
,,,14.3499994,96.000000834E-3,
,,,14.3599997,94.000004232E-3,
,,,14.3699999,96.000000834E-3,
,,,14.3800001,96.000000834E-3,
,,,14.3899994,96.000000834E-3,
,,,14.3999996,96.000000834E-3,
,,,14.4099998,96.000000834E-3,
,,,14.4200001,96.000000834E-3,
,,,14.4299994,96.000000834E-3,
,,,14.4399996,96.000000834E-3,
,,,14.4499998,98.000004888E-3,
,,,14.4600000,96.000000834E-3,
,,,14.4699993,98.000004888E-3,
,,,14.4799995,96.000000834E-3,
,,,14.4899998,96.000000834E-3,
,,,14.5000000,96.000000834E-3,
,,,14.5099993,96.000000834E-3,
,,,14.5199995,98.000004888E-3,
,,,14.5299997,96.000000834E-3,
,,,14.5400000,100.0000015E-3,
,,,14.5499992,94.000004232E-3,
,,,14.5599995,96.000000834E-3,
,,,14.5699997,96.000000834E-3,
,,,14.5799999,96.000000834E-3,
,,,14.5899992,96.000000834E-3,
,,,14.5999994,96.000000834E-3,
,,,14.6099997,96.000000834E-3,
,,,14.6199999,96.000000834E-3,
,,,14.6300001,96.000000834E-3,
,,,14.6399994,98.000004888E-3,
,,,14.6499996,94.000004232E-3,
,,,14.6599998,92.000007629E-3,
,,,14.6700001,94.000004232E-3,
,,,14.6799994,96.000000834E-3,
,,,14.6899996,94.000004232E-3,
,,,14.6999998,96.000000834E-3,
,,,14.7100000,96.000000834E-3,
,,,14.7199993,96.000000834E-3,
,,,14.7299995,94.000004232E-3,
,,,14.7399998,96.000000834E-3,
,,,14.7500000,96.000000834E-3,
,,,14.7599993,96.000000834E-3,
,,,14.7699995,94.000004232E-3,
,,,14.7799997,96.000000834E-3,
,,,14.7900000,96.000000834E-3,
,,,14.7999992,98.000004888E-3,
,,,14.8099995,96.000000834E-3,
,,,14.8199997,94.000004232E-3,
,,,14.8299999,96.000000834E-3,
,,,14.8399992,98.000004888E-3,
,,,14.8499994,100.0000015E-3,
,,,14.8599997,102.0000055E-3,
,,,14.8699999,94.000004232E-3,
,,,14.8800001,96.000000834E-3,
,,,14.8899994,96.000000834E-3,
,,,14.8999996,98.000004888E-3,
,,,14.9099998,98.000004888E-3,
,,,14.9200001,94.000004232E-3,
,,,14.9299994,96.000000834E-3,
,,,14.9399996,94.000004232E-3,
,,,14.9499998,96.000000834E-3,
,,,14.9600000,98.000004888E-3,
,,,14.9699993,96.000000834E-3,
,,,14.9799995,96.000000834E-3,
,,,14.9899998,96.000000834E-3,
,,,15.0000000,96.000000834E-3,
,,,15.0099993,94.000004232E-3,
,,,15.0199995,96.000000834E-3,
,,,15.0299997,94.000004232E-3,
,,,15.0400000,96.000000834E-3,
,,,15.0499992,96.000000834E-3,
,,,15.0599995,96.000000834E-3,
,,,15.0699997,96.000000834E-3,
,,,15.0799999,96.000000834E-3,
,,,15.0899992,94.000004232E-3,
,,,15.0999994,96.000000834E-3,
,,,15.1099997,94.000004232E-3,
,,,15.1199999,98.000004888E-3,
,,,15.1300001,96.000000834E-3,
,,,15.1399994,94.000004232E-3,
,,,15.1499996,94.000004232E-3,
,,,15.1599998,96.000000834E-3,
,,,15.1700001,94.000004232E-3,
,,,15.1799994,94.000004232E-3,
,,,15.1899996,96.000000834E-3,
,,,15.1999998,94.000004232E-3,
,,,15.2100000,98.000004888E-3,
,,,15.2199993,96.000000834E-3,
,,,15.2299995,96.000000834E-3,
,,,15.2399998,96.000000834E-3,
,,,15.2500000,96.000000834E-3,
,,,15.2599993,94.000004232E-3,
,,,15.2699995,92.000007629E-3,
,,,15.2799997,96.000000834E-3,
,,,15.2900000,96.000000834E-3,
,,,15.2999992,98.000004888E-3,
,,,15.3099995,94.000004232E-3,
,,,15.3199997,96.000000834E-3,
,,,15.3299999,94.000004232E-3,
,,,15.3399992,96.000000834E-3,
,,,15.3499994,96.000000834E-3,
,,,15.3599997,96.000000834E-3,
,,,15.3699999,94.000004232E-3,
,,,15.3800001,94.000004232E-3,
,,,15.3899994,96.000000834E-3,
,,,15.3999996,96.000000834E-3,
,,,15.4099998,98.000004888E-3,
,,,15.4200001,96.000000834E-3,
,,,15.4299994,96.000000834E-3,
,,,15.4399996,96.000000834E-3,
,,,15.4499998,96.000000834E-3,
,,,15.4600000,92.000007629E-3,
,,,15.4699993,96.000000834E-3,
,,,15.4799995,94.000004232E-3,
,,,15.4899998,96.000000834E-3,
,,,15.5000000,94.000004232E-3,
,,,15.5099993,94.000004232E-3,
,,,15.5199995,94.000004232E-3,
,,,15.5299997,96.000000834E-3,
,,,15.5400000,94.000004232E-3,
,,,15.5499992,94.000004232E-3,
,,,15.5599995,96.000000834E-3,
,,,15.5699997,96.000000834E-3,
,,,15.5799999,96.000000834E-3,
,,,15.5899992,96.000000834E-3,
,,,15.5999994,96.000000834E-3,
,,,15.6099997,96.000000834E-3,
,,,15.6199999,96.000000834E-3,
,,,15.6300001,96.000000834E-3,
,,,15.6399994,94.000004232E-3,
,,,15.6499996,92.000007629E-3,
,,,15.6599998,94.000004232E-3,
,,,15.6700001,96.000000834E-3,
,,,15.6799994,96.000000834E-3,
,,,15.6899996,98.000004888E-3,
,,,15.6999998,96.000000834E-3,
,,,15.7100000,94.000004232E-3,
,,,15.7199993,96.000000834E-3,
,,,15.7299995,94.000004232E-3,
,,,15.7399998,96.000000834E-3,
,,,15.7500000,94.000004232E-3,
,,,15.7599993,94.000004232E-3,
,,,15.7699995,96.000000834E-3,
,,,15.7799997,96.000000834E-3,
,,,15.7900000,94.000004232E-3,
,,,15.7999992,96.000000834E-3,
,,,15.8099995,94.000004232E-3,
,,,15.8199997,96.000000834E-3,
,,,15.8299999,98.000004888E-3,
,,,15.8399992,98.000004888E-3,
,,,15.8499994,96.000000834E-3,
,,,15.8599997,94.000004232E-3,
,,,15.8699999,98.000004888E-3,
,,,15.8800001,94.000004232E-3,
,,,15.8899994,96.000000834E-3,
,,,15.8999996,94.000004232E-3,
,,,15.9099998,94.000004232E-3,
,,,15.9200001,96.000000834E-3,
,,,15.9299994,94.000004232E-3,
,,,15.9399996,96.000000834E-3,
,,,15.9499998,94.000004232E-3,
,,,15.9600000,94.000004232E-3,
,,,15.9699993,94.000004232E-3,
,,,15.9799995,98.000004888E-3,
,,,15.9899998,96.000000834E-3,
,,,16.0000000,94.000004232E-3,
,,,16.0100002,98.000004888E-3,
,,,16.0200005,96.000000834E-3,
,,,16.0299988,92.000007629E-3,
,,,16.0399990,96.000000834E-3,
,,,16.0499992,96.000000834E-3,
,,,16.0599995,98.000004888E-3,
,,,16.0699997,98.000004888E-3,
,,,16.0799999,96.000000834E-3,
,,,16.0900002,96.000000834E-3,
,,,16.1000004,96.000000834E-3,
,,,16.1099987,96.000000834E-3,
,,,16.1199989,96.000000834E-3,
,,,16.1299992,98.000004888E-3,
,,,16.1399994,94.000004232E-3,
,,,16.1499996,94.000004232E-3,
,,,16.1599998,96.000000834E-3,
,,,16.1700001,94.000004232E-3,
,,,16.1800003,94.000004232E-3,
,,,16.1900005,94.000004232E-3,
,,,16.1999989,94.000004232E-3,
,,,16.2099991,94.000004232E-3,
,,,16.2199993,94.000004232E-3,
,,,16.2299995,96.000000834E-3,
,,,16.2399998,96.000000834E-3,
,,,16.2500000,94.000004232E-3,
,,,16.2600002,94.000004232E-3,
,,,16.2700005,92.000007629E-3,
,,,16.2799988,96.000000834E-3,
,,,16.2899990,94.000004232E-3,
,,,16.2999992,92.000007629E-3,
,,,16.3099995,94.000004232E-3,
,,,16.3199997,94.000004232E-3,
,,,16.3299999,94.000004232E-3,
,,,16.3400002,94.000004232E-3,
,,,16.3500004,96.000000834E-3,
,,,16.3599987,90.000003576E-3,
,,,16.3699989,92.000007629E-3,
,,,16.3799992,96.000000834E-3,
,,,16.3899994,92.000007629E-3,
,,,16.3999996,96.000000834E-3,
,,,16.4099998,94.000004232E-3,
,,,16.4200001,98.000004888E-3,
,,,16.4300003,94.000004232E-3,
,,,16.4400005,96.000000834E-3,
,,,16.4499989,96.000000834E-3,
,,,16.4599991,94.000004232E-3,
,,,16.4699993,96.000000834E-3,
,,,16.4799995,92.000007629E-3,
,,,16.4899998,98.000004888E-3,
,,,16.5000000,96.000000834E-3,
,,,16.5100002,96.000000834E-3,
,,,16.5200005,96.000000834E-3,
,,,16.5299988,94.000004232E-3,
,,,16.5399990,94.000004232E-3,
,,,16.5499992,94.000004232E-3,
,,,16.5599995,94.000004232E-3,
,,,16.5699997,94.000004232E-3,
,,,16.5799999,92.000007629E-3,
,,,16.5900002,94.000004232E-3,
,,,16.6000004,92.000007629E-3,
,,,16.6099987,96.000000834E-3,
,,,16.6199989,92.000007629E-3,
,,,16.6299992,94.000004232E-3,
,,,16.6399994,96.000000834E-3,
,,,16.6499996,94.000004232E-3,
,,,16.6599998,94.000004232E-3,
,,,16.6700001,92.000007629E-3,
,,,16.6800003,94.000004232E-3,
,,,16.6900005,92.000007629E-3,
,,,16.6999989,94.000004232E-3,
,,,16.7099991,92.000007629E-3,
,,,16.7199993,92.000007629E-3,
,,,16.7299995,96.000000834E-3,
,,,16.7399998,92.000007629E-3,
,,,16.7500000,96.000000834E-3,
,,,16.7600002,92.000007629E-3,
,,,16.7700005,94.000004232E-3,
,,,16.7799988,94.000004232E-3,
,,,16.7899990,96.000000834E-3,
,,,16.7999992,96.000000834E-3,
,,,16.8099995,96.000000834E-3,
,,,16.8199997,96.000000834E-3,
,,,16.8299999,94.000004232E-3,
,,,16.8400002,94.000004232E-3,
,,,16.8500004,96.000000834E-3,
,,,16.8599987,94.000004232E-3,
,,,16.8699989,94.000004232E-3,
,,,16.8799992,94.000004232E-3,
,,,16.8899994,92.000007629E-3,
,,,16.8999996,94.000004232E-3,
,,,16.9099998,96.000000834E-3,
,,,16.9200001,92.000007629E-3,
,,,16.9300003,92.000007629E-3,
,,,16.9400005,94.000004232E-3,
,,,16.9499989,98.000004888E-3,
,,,16.9599991,94.000004232E-3,
,,,16.9699993,96.000000834E-3,
,,,16.9799995,96.000000834E-3,
,,,16.9899998,96.000000834E-3,
,,,17.0000000,92.000007629E-3,
,,,17.0100002,96.000000834E-3,
,,,17.0200005,96.000000834E-3,
,,,17.0299988,94.000004232E-3,
,,,17.0399990,96.000000834E-3,
,,,17.0499992,92.000007629E-3,
,,,17.0599995,94.000004232E-3,
,,,17.0699997,92.000007629E-3,
,,,17.0799999,94.000004232E-3,
,,,17.0900002,94.000004232E-3,
,,,17.1000004,96.000000834E-3,
,,,17.1099987,96.000000834E-3,
,,,17.1199989,94.000004232E-3,
,,,17.1299992,96.000000834E-3,
,,,17.1399994,96.000000834E-3,
,,,17.1499996,96.000000834E-3,
,,,17.1599998,92.000007629E-3,
,,,17.1700001,94.000004232E-3,
,,,17.1800003,94.000004232E-3,
,,,17.1900005,96.000000834E-3,
,,,17.1999989,94.000004232E-3,
,,,17.2099991,92.000007629E-3,
,,,17.2199993,92.000007629E-3,
,,,17.2299995,98.000004888E-3,
,,,17.2399998,94.000004232E-3,
,,,17.2500000,96.000000834E-3,
,,,17.2600002,96.000000834E-3,
,,,17.2700005,96.000000834E-3,
,,,17.2799988,96.000000834E-3,
,,,17.2899990,94.000004232E-3,
,,,17.2999992,96.000000834E-3,
,,,17.3099995,94.000004232E-3,
,,,17.3199997,94.000004232E-3,
,,,17.3299999,94.000004232E-3,
,,,17.3400002,94.000004232E-3,
,,,17.3500004,94.000004232E-3,
,,,17.3599987,94.000004232E-3,
,,,17.3699989,92.000007629E-3,
,,,17.3799992,94.000004232E-3,
,,,17.3899994,96.000000834E-3,
,,,17.3999996,96.000000834E-3,
,,,17.4099998,98.000004888E-3,
,,,17.4200001,96.000000834E-3,
,,,17.4300003,96.000000834E-3,
,,,17.4400005,94.000004232E-3,
,,,17.4499989,92.000007629E-3,
,,,17.4599991,96.000000834E-3,
,,,17.4699993,96.000000834E-3,
,,,17.4799995,96.000000834E-3,
,,,17.4899998,96.000000834E-3,
,,,17.5000000,96.000000834E-3,
,,,17.5100002,92.000007629E-3,
,,,17.5200005,96.000000834E-3,
,,,17.5299988,92.000007629E-3,
,,,17.5399990,92.000007629E-3,
,,,17.5499992,96.000000834E-3,
,,,17.5599995,92.000007629E-3,
,,,17.5699997,94.000004232E-3,
,,,17.5799999,94.000004232E-3,
,,,17.5900002,96.000000834E-3,
,,,17.6000004,92.000007629E-3,
,,,17.6099987,94.000004232E-3,
,,,17.6199989,94.000004232E-3,
,,,17.6299992,96.000000834E-3,
,,,17.6399994,92.000007629E-3,
,,,17.6499996,96.000000834E-3,
,,,17.6599998,94.000004232E-3,
,,,17.6700001,92.000007629E-3,
,,,17.6800003,90.000003576E-3,
,,,17.6900005,92.000007629E-3,
,,,17.6999989,94.000004232E-3,
,,,17.7099991,94.000004232E-3,
,,,17.7199993,92.000007629E-3,
,,,17.7299995,90.000003576E-3,
,,,17.7399998,92.000007629E-3,
,,,17.7500000,92.000007629E-3,
,,,17.7600002,92.000007629E-3,
,,,17.7700005,96.000000834E-3,
,,,17.7799988,92.000007629E-3,
,,,17.7899990,94.000004232E-3,
,,,17.7999992,94.000004232E-3,
,,,17.8099995,92.000007629E-3,
,,,17.8199997,92.000007629E-3,
,,,17.8299999,94.000004232E-3,
,,,17.8400002,94.000004232E-3,
,,,17.8500004,96.000000834E-3,
,,,17.8599987,92.000007629E-3,
,,,17.8699989,92.000007629E-3,
,,,17.8799992,94.000004232E-3,
,,,17.8899994,92.000007629E-3,
,,,17.8999996,94.000004232E-3,
,,,17.9099998,92.000007629E-3,
,,,17.9200001,96.000000834E-3,
,,,17.9300003,96.000000834E-3,
,,,17.9400005,96.000000834E-3,
,,,17.9499989,94.000004232E-3,
,,,17.9599991,92.000007629E-3,
,,,17.9699993,92.000007629E-3,
,,,17.9799995,96.000000834E-3,
,,,17.9899998,92.000007629E-3,
,,,18.0000000,92.000007629E-3,
,,,18.0100002,94.000004232E-3,
,,,18.0200005,92.000007629E-3,
,,,18.0299988,92.000007629E-3,
,,,18.0399990,94.000004232E-3,
,,,18.0499992,94.000004232E-3,
,,,18.0599995,90.000003576E-3,
,,,18.0699997,92.000007629E-3,
,,,18.0799999,96.000000834E-3,
,,,18.0900002,96.000000834E-3,
,,,18.1000004,96.000000834E-3,
,,,18.1099987,92.000007629E-3,
,,,18.1199989,94.000004232E-3,
,,,18.1299992,92.000007629E-3,
,,,18.1399994,92.000007629E-3,
,,,18.1499996,94.000004232E-3,
,,,18.1599998,92.000007629E-3,
,,,18.1700001,92.000007629E-3,
,,,18.1800003,92.000007629E-3,
,,,18.1900005,94.000004232E-3,
,,,18.1999989,92.000007629E-3,
,,,18.2099991,94.000004232E-3,
,,,18.2199993,92.000007629E-3,
,,,18.2299995,94.000004232E-3,
,,,18.2399998,92.000007629E-3,
,,,18.2500000,96.000000834E-3,
,,,18.2600002,98.000004888E-3,
,,,18.2700005,106.0000062E-3,
,,,18.2799988,110.0000069E-3,
,,,18.2899990,112.0000035E-3,
,,,18.2999992,116.0000041E-3,
,,,18.3099995,118.0000082E-3,
,,,18.3199997,116.0000041E-3,
,,,18.3299999,120.0000048E-3,
,,,18.3400002,120.0000048E-3,
,,,18.3500004,120.0000048E-3,
,,,18.3599987,122.0000088E-3,
,,,18.3699989,118.0000082E-3,
,,,18.3799992,120.0000048E-3,
,,,18.3899994,120.0000048E-3,
,,,18.3999996,120.0000048E-3,
,,,18.4099998,120.0000048E-3,
,,,18.4200001,120.0000048E-3,
,,,18.4300003,118.0000082E-3,
,,,18.4400005,116.0000041E-3,
,,,18.4499989,120.0000048E-3,
,,,18.4599991,116.0000041E-3,
,,,18.4699993,120.0000048E-3,
,,,18.4799995,120.0000048E-3,
,,,18.4899998,116.0000041E-3,
,,,18.5000000,116.0000041E-3,
,,,18.5100002,116.0000041E-3,
,,,18.5200005,118.0000082E-3,
,,,18.5299988,120.0000048E-3,
,,,18.5399990,120.0000048E-3,
,,,18.5499992,118.0000082E-3,
,,,18.5599995,118.0000082E-3,
,,,18.5699997,118.0000082E-3,
,,,18.5799999,118.0000082E-3,
,,,18.5900002,118.0000082E-3,
,,,18.6000004,116.0000041E-3,
,,,18.6099987,122.0000088E-3,
,,,18.6199989,118.0000082E-3,
,,,18.6299992,118.0000082E-3,
,,,18.6399994,118.0000082E-3,
,,,18.6499996,120.0000048E-3,
,,,18.6599998,120.0000048E-3,
,,,18.6700001,120.0000048E-3,
,,,18.6800003,118.0000082E-3,
,,,18.6900005,118.0000082E-3,
,,,18.6999989,120.0000048E-3,
,,,18.7099991,122.0000088E-3,
,,,18.7199993,118.0000082E-3,
,,,18.7299995,120.0000048E-3,
,,,18.7399998,118.0000082E-3,
,,,18.7500000,118.0000082E-3,
,,,18.7600002,116.0000041E-3,
,,,18.7700005,118.0000082E-3,
,,,18.7799988,118.0000082E-3,
,,,18.7899990,120.0000048E-3,
,,,18.7999992,116.0000041E-3,
,,,18.8099995,122.0000088E-3,
,,,18.8199997,120.0000048E-3,
,,,18.8299999,120.0000048E-3,
,,,18.8400002,120.0000048E-3,
,,,18.8500004,120.0000048E-3,
,,,18.8599987,120.0000048E-3,
,,,18.8699989,120.0000048E-3,
,,,18.8799992,120.0000048E-3,
,,,18.8899994,118.0000082E-3,
,,,18.8999996,120.0000048E-3,
,,,18.9099998,118.0000082E-3,
,,,18.9200001,120.0000048E-3,
,,,18.9300003,120.0000048E-3,
,,,18.9399986,118.0000082E-3,
,,,18.9499989,120.0000048E-3,
,,,18.9599991,118.0000082E-3,
,,,18.9699993,120.0000048E-3,
,,,18.9799995,118.0000082E-3,
,,,18.9899998,120.0000048E-3,
,,,19.0000000,120.0000048E-3,
,,,19.0100002,118.0000082E-3,
,,,19.0200005,120.0000048E-3,
,,,19.0299988,120.0000048E-3,
,,,19.0399990,118.0000082E-3,
,,,19.0499992,120.0000048E-3,
,,,19.0599995,118.0000082E-3,
,,,19.0699997,120.0000048E-3,
,,,19.0799999,116.0000041E-3,
,,,19.0900002,116.0000041E-3,
,,,19.1000004,120.0000048E-3,
,,,19.1099987,118.0000082E-3,
,,,19.1199989,118.0000082E-3,
,,,19.1299992,116.0000041E-3,
,,,19.1399994,116.0000041E-3,
,,,19.1499996,120.0000048E-3,
,,,19.1599998,118.0000082E-3,
,,,19.1700001,118.0000082E-3,
,,,19.1800003,120.0000048E-3,
,,,19.1899986,118.0000082E-3,
,,,19.1999989,118.0000082E-3,
,,,19.2099991,118.0000082E-3,
,,,19.2199993,114.0000075E-3,
,,,19.2299995,118.0000082E-3,
,,,19.2399998,118.0000082E-3,
,,,19.2500000,116.0000041E-3,
,,,19.2600002,120.0000048E-3,
,,,19.2700005,120.0000048E-3,
,,,19.2799988,120.0000048E-3,
,,,19.2899990,118.0000082E-3,
,,,19.2999992,118.0000082E-3,
,,,19.3099995,118.0000082E-3,
,,,19.3199997,120.0000048E-3,
,,,19.3299999,120.0000048E-3,
,,,19.3400002,116.0000041E-3,
,,,19.3500004,118.0000082E-3,
,,,19.3599987,116.0000041E-3,
,,,19.3699989,116.0000041E-3,
,,,19.3799992,116.0000041E-3,
,,,19.3899994,116.0000041E-3,
,,,19.3999996,116.0000041E-3,
,,,19.4099998,118.0000082E-3,
,,,19.4200001,118.0000082E-3,
,,,19.4300003,120.0000048E-3,
,,,19.4399986,118.0000082E-3,
,,,19.4499989,116.0000041E-3,
,,,19.4599991,120.0000048E-3,
,,,19.4699993,120.0000048E-3,
,,,19.4799995,116.0000041E-3,
,,,19.4899998,116.0000041E-3,
,,,19.5000000,114.0000075E-3,
,,,19.5100002,118.0000082E-3,
,,,19.5200005,118.0000082E-3,
,,,19.5299988,120.0000048E-3,
,,,19.5399990,118.0000082E-3,
,,,19.5499992,118.0000082E-3,
,,,19.5599995,118.0000082E-3,
,,,19.5699997,120.0000048E-3,
,,,19.5799999,118.0000082E-3,
,,,19.5900002,116.0000041E-3,
,,,19.6000004,116.0000041E-3,
,,,19.6099987,114.0000075E-3,
,,,19.6199989,114.0000075E-3,
,,,19.6299992,118.0000082E-3,
,,,19.6399994,116.0000041E-3,
,,,19.6499996,116.0000041E-3,
,,,19.6599998,118.0000082E-3,
,,,19.6700001,120.0000048E-3,
,,,19.6800003,118.0000082E-3,
,,,19.6899986,118.0000082E-3,
,,,19.6999989,118.0000082E-3,
,,,19.7099991,120.0000048E-3,
,,,19.7199993,-146.0000128E-3,
,,,19.7299995,-146.0000128E-3,
,,,19.7399998,-146.0000128E-3,
,,,19.7500000,-146.0000128E-3,
,,,19.7600002,-146.0000128E-3,
,,,19.7700005,-146.0000128E-3,
,,,19.7799988,-146.0000128E-3,
,,,19.7899990,-146.0000128E-3,
,,,19.7999992,-146.0000128E-3,
,,,19.8099995,-146.0000128E-3,
,,,19.8199997,-146.0000128E-3,
,,,19.8299999,-146.0000128E-3,
,,,19.8400002,-146.0000128E-3,
,,,19.8500004,-146.0000128E-3,
,,,19.8599987,-146.0000128E-3,
,,,19.8699989,-146.0000128E-3,
,,,19.8799992,-146.0000128E-3,
,,,19.8899994,-146.0000128E-3,
,,,19.8999996,-146.0000128E-3,
,,,19.9099998,-146.0000128E-3,
,,,19.9200001,-146.0000128E-3,
,,,19.9300003,-146.0000128E-3,
,,,19.9399986,-146.0000128E-3,
,,,19.9499989,-146.0000128E-3,
,,,19.9599991,-146.0000128E-3,
,,,19.9699993,-146.0000128E-3,
,,,19.9799995,-146.0000128E-3,
,,,19.9899998,-146.0000128E-3,
,,,20.0000000,-146.0000128E-3,
,,,20.0100002,-146.0000128E-3,
,,,20.0200005,-146.0000128E-3,
,,,20.0299988,-146.0000128E-3,
,,,20.0399990,-146.0000128E-3,
,,,20.0499992,-146.0000128E-3,
,,,20.0599995,-146.0000128E-3,
,,,20.0699997,-146.0000128E-3,
,,,20.0799999,-146.0000128E-3,
,,,20.09000015,-146.0000128E-3,
,,,20.10000038,-146.0000128E-3,
,,,20.10999870,-146.0000128E-3,
,,,20.11999893,-146.0000128E-3,
,,,20.12999916,-146.0000128E-3,
,,,20.13999939,-146.0000128E-3,
,,,20.14999962,-146.0000128E-3,
,,,20.15999985,-146.0000128E-3,
,,,20.17000008,-146.0000128E-3,
,,,20.18000031,-146.0000128E-3,
,,,20.18999863,-146.0000128E-3,
,,,20.19999886,-146.0000128E-3,
,,,20.20999908,-146.0000128E-3,
,,,20.21999931,-146.0000128E-3,
,,,20.22999954,-146.0000128E-3,
,,,20.23999977,-146.0000128E-3,
,,,20.25000000,-146.0000128E-3,
,,,20.26000023,-146.0000128E-3,
,,,20.27000046,-146.0000128E-3,
,,,20.27999878,-146.0000128E-3,
,,,20.28999901,-146.0000128E-3,
,,,20.29999924,-146.0000128E-3,
,,,20.30999947,-146.0000128E-3,
,,,20.31999969,-146.0000128E-3,
,,,20.32999992,-146.0000128E-3,
,,,20.34000015,-146.0000128E-3,
,,,20.35000038,-146.0000128E-3,
,,,20.35999870,-146.0000128E-3,
,,,20.36999893,-146.0000128E-3,
,,,20.37999916,-146.0000128E-3,
,,,20.38999939,-146.0000128E-3,
,,,20.39999962,-146.0000128E-3,
,,,20.40999985,-146.0000128E-3,
,,,20.42000008,-146.0000128E-3,
,,,20.43000031,-146.0000128E-3,
,,,20.43999863,-146.0000128E-3,
,,,20.44999886,-146.0000128E-3,
,,,20.45999908,-146.0000128E-3,
,,,20.46999931,-146.0000128E-3,
,,,20.47999954,-146.0000128E-3,
,,,20.48999977,-146.0000128E-3,
,,,20.50000000,-146.0000128E-3,
,,,20.51000023,-146.0000128E-3,
,,,20.52000046,-146.0000128E-3,
,,,20.52999878,-146.0000128E-3,
,,,20.53999901,-146.0000128E-3,
,,,20.54999924,-146.0000128E-3,
,,,20.55999947,-146.0000128E-3,
,,,20.56999969,-146.0000128E-3,
,,,20.57999992,-146.0000128E-3,
,,,20.59000015,-146.0000128E-3,
,,,20.60000038,-146.0000128E-3,
,,,20.60999870,-146.0000128E-3,
,,,20.61999893,-146.0000128E-3,
,,,20.62999916,-146.0000128E-3,
,,,20.63999939,-146.0000128E-3,
,,,20.64999962,-146.0000128E-3,
,,,20.65999985,-146.0000128E-3,
,,,20.67000008,-146.0000128E-3,
,,,20.68000031,-146.0000128E-3,
,,,20.68999863,-146.0000128E-3,
,,,20.69999886,-146.0000128E-3,
,,,20.70999908,-146.0000128E-3,
,,,20.71999931,-146.0000128E-3,
,,,20.72999954,-146.0000128E-3,
,,,20.73999977,-146.0000128E-3,
,,,20.75000000,-146.0000128E-3,
,,,20.76000023,-146.0000128E-3,
,,,20.77000046,-146.0000128E-3,
,,,20.77999878,-146.0000128E-3,
,,,20.78999901,-146.0000128E-3,
,,,20.79999924,-146.0000128E-3,
,,,20.80999947,-146.0000128E-3,
,,,20.81999969,-146.0000128E-3,
,,,20.82999992,-146.0000128E-3,
,,,20.84000015,-146.0000128E-3,
,,,20.85000038,-146.0000128E-3,
,,,20.85999870,-146.0000128E-3,
,,,20.86999893,-146.0000128E-3,
,,,20.87999916,-146.0000128E-3,
,,,20.88999939,-146.0000128E-3,
,,,20.89999962,-146.0000128E-3,
,,,20.90999985,-146.0000128E-3,
,,,20.92000008,-146.0000128E-3,
,,,20.93000031,-146.0000128E-3,
,,,20.93999863,-146.0000128E-3,
,,,20.94999886,-146.0000128E-3,
,,,20.95999908,-146.0000128E-3,
,,,20.96999931,-146.0000128E-3,
,,,20.97999954,-146.0000128E-3,
,,,20.98999977,-146.0000128E-3,
,,,21.00000000,-146.0000128E-3,
,,,21.01000023,-146.0000128E-3,
,,,21.02000046,-146.0000128E-3,
,,,21.02999878,-146.0000128E-3,
,,,21.03999901,-146.0000128E-3,
,,,21.04999924,-146.0000128E-3,
,,,21.05999947,-146.0000128E-3,
,,,21.06999969,-146.0000128E-3,
,,,21.07999992,-146.0000128E-3,
,,,21.09000015,-146.0000128E-3,
,,,21.10000038,-146.0000128E-3,
,,,21.10999870,-146.0000128E-3,
,,,21.11999893,-146.0000128E-3,
,,,21.12999916,-146.0000128E-3,
,,,21.13999939,-146.0000128E-3,
,,,21.14999962,-146.0000128E-3,
,,,21.15999985,-146.0000128E-3,
,,,21.17000008,-146.0000128E-3,
,,,21.18000031,-146.0000128E-3,
,,,21.18999863,-146.0000128E-3,
,,,21.19999886,-146.0000128E-3,
,,,21.20999908,-146.0000128E-3,
,,,21.21999931,-146.0000128E-3,
,,,21.22999954,-146.0000128E-3,
,,,21.23999977,-146.0000128E-3,
,,,21.25000000,-146.0000128E-3,
,,,21.26000023,-146.0000128E-3,
,,,21.27000046,-146.0000128E-3,
,,,21.27999878,-146.0000128E-3,
,,,21.28999901,-146.0000128E-3,
,,,21.29999924,-146.0000128E-3,
,,,21.30999947,-146.0000128E-3,
,,,21.31999969,-146.0000128E-3,
,,,21.32999992,-146.0000128E-3,
,,,21.34000015,-146.0000128E-3,
,,,21.35000038,-146.0000128E-3,
,,,21.35999870,-146.0000128E-3,
,,,21.36999893,-146.0000128E-3,
,,,21.37999916,-146.0000128E-3,
,,,21.38999939,-146.0000128E-3,
,,,21.39999962,-146.0000128E-3,
,,,21.40999985,-146.0000128E-3,
,,,21.42000008,-146.0000128E-3,
,,,21.43000031,-146.0000128E-3,
,,,21.43999863,-146.0000128E-3,
,,,21.44999886,-146.0000128E-3,
,,,21.45999908,-146.0000128E-3,
,,,21.46999931,-146.0000128E-3,
,,,21.47999954,-146.0000128E-3,
,,,21.48999977,-146.0000128E-3,
,,,21.50000000,-146.0000128E-3,
,,,21.51000023,-146.0000128E-3,
,,,21.52000046,-146.0000128E-3,
,,,21.52999878,-146.0000128E-3,
,,,21.53999901,-146.0000128E-3,
,,,21.54999924,-146.0000128E-3,
,,,21.55999947,-146.0000128E-3,
,,,21.56999969,-146.0000128E-3,
,,,21.57999992,-146.0000128E-3,
,,,21.59000015,-146.0000128E-3,
,,,21.60000038,-146.0000128E-3,
,,,21.60999870,-146.0000128E-3,
,,,21.61999893,-146.0000128E-3,
,,,21.62999916,-146.0000128E-3,
,,,21.63999939,-146.0000128E-3,
,,,21.64999962,-146.0000128E-3,
,,,21.65999985,-146.0000128E-3,
,,,21.67000008,-146.0000128E-3,
,,,21.68000031,-146.0000128E-3,
,,,21.68999863,-146.0000128E-3,
,,,21.69999886,-146.0000128E-3,
,,,21.70999908,-146.0000128E-3,
,,,21.71999931,-146.0000128E-3,
,,,21.72999954,-146.0000128E-3,
,,,21.73999977,-146.0000128E-3,
,,,21.75000000,-146.0000128E-3,
,,,21.76000023,-146.0000128E-3,
,,,21.77000046,-146.0000128E-3,
,,,21.77999878,-146.0000128E-3,
,,,21.78999901,-146.0000128E-3,
,,,21.79999924,-146.0000128E-3,
,,,21.80999947,-146.0000128E-3,
,,,21.81999969,-146.0000128E-3,
,,,21.82999992,-146.0000128E-3,
,,,21.84000015,-146.0000128E-3,
,,,21.85000038,-146.0000128E-3,
,,,21.85999870,-146.0000128E-3,
,,,21.86999893,-146.0000128E-3,
,,,21.87999916,-146.0000128E-3,
,,,21.88999939,-146.0000128E-3,
,,,21.89999962,-146.0000128E-3,
,,,21.90999985,-146.0000128E-3,
,,,21.92000008,-146.0000128E-3,
,,,21.93000031,-146.0000128E-3,
,,,21.93999863,-146.0000128E-3,
,,,21.94999886,-146.0000128E-3,
,,,21.95999908,-146.0000128E-3,
,,,21.96999931,-146.0000128E-3,
,,,21.97999954,-146.0000128E-3,
,,,21.98999977,-146.0000128E-3,
,,,22.00000000,-146.0000128E-3,
,,,22.01000023,-146.0000128E-3,
,,,22.02000046,-146.0000128E-3,
,,,22.02999878,-146.0000128E-3,
,,,22.03999901,-146.0000128E-3,
,,,22.04999924,-146.0000128E-3,
,,,22.05999947,-146.0000128E-3,
,,,22.06999969,-146.0000128E-3,
,,,22.07999992,-146.0000128E-3,
,,,22.09000015,-146.0000128E-3,
,,,22.10000038,-146.0000128E-3,
,,,22.10999870,-146.0000128E-3,
,,,22.11999893,-146.0000128E-3,
,,,22.12999916,-146.0000128E-3,
,,,22.13999939,-146.0000128E-3,
,,,22.14999962,-146.0000128E-3,
,,,22.15999985,-146.0000128E-3,
,,,22.17000008,-146.0000128E-3,
,,,22.18000031,-146.0000128E-3,
,,,22.18999863,-146.0000128E-3,
,,,22.19999886,-146.0000128E-3,
,,,22.20999908,-146.0000128E-3,
,,,22.21999931,110.0000069E-3,
,,,22.22999954,112.0000035E-3,
,,,22.23999977,110.0000069E-3,
,,,22.25000000,110.0000069E-3,
,,,22.26000023,110.0000069E-3,
,,,22.26999855,110.0000069E-3,
,,,22.27999878,110.0000069E-3,
,,,22.28999901,110.0000069E-3,
,,,22.29999924,110.0000069E-3,
,,,22.30999947,108.0000028E-3,
,,,22.31999969,108.0000028E-3,
,,,22.32999992,110.0000069E-3,
,,,22.34000015,106.0000062E-3,
,,,22.35000038,106.0000062E-3,
,,,22.35999870,110.0000069E-3,
,,,22.36999893,108.0000028E-3,
,,,22.37999916,110.0000069E-3,
,,,22.38999939,108.0000028E-3,
,,,22.39999962,110.0000069E-3,
,,,22.40999985,106.0000062E-3,
,,,22.42000008,108.0000028E-3,
,,,22.43000031,108.0000028E-3,
,,,22.43999863,110.0000069E-3,
,,,22.44999886,110.0000069E-3,
,,,22.45999908,110.0000069E-3,
,,,22.46999931,108.0000028E-3,
,,,22.47999954,110.0000069E-3,
,,,22.48999977,110.0000069E-3,
,,,22.50000000,110.0000069E-3,
,,,22.51000023,110.0000069E-3,
,,,22.51999855,108.0000028E-3,
,,,22.52999878,108.0000028E-3,
,,,22.53999901,108.0000028E-3,
,,,22.54999924,106.0000062E-3,
,,,22.55999947,108.0000028E-3,
,,,22.56999969,108.0000028E-3,
,,,22.57999992,108.0000028E-3,
,,,22.59000015,112.0000035E-3,
,,,22.60000038,112.0000035E-3,
,,,22.60999870,114.0000075E-3,
,,,22.61999893,110.0000069E-3,
,,,22.62999916,108.0000028E-3,
,,,22.63999939,110.0000069E-3,
,,,22.64999962,108.0000028E-3,
,,,22.65999985,108.0000028E-3,
,,,22.67000008,110.0000069E-3,
,,,22.68000031,106.0000062E-3,
,,,22.68999863,108.0000028E-3,
,,,22.69999886,110.0000069E-3,
,,,22.70999908,110.0000069E-3,
,,,22.71999931,110.0000069E-3,
,,,22.72999954,112.0000035E-3,
,,,22.73999977,110.0000069E-3,
,,,22.75000000,108.0000028E-3,
,,,22.76000023,108.0000028E-3,
,,,22.76999855,108.0000028E-3,
,,,22.77999878,106.0000062E-3,
,,,22.78999901,106.0000062E-3,
,,,22.79999924,106.0000062E-3,
,,,22.80999947,108.0000028E-3,
,,,22.81999969,108.0000028E-3,
,,,22.82999992,108.0000028E-3,
,,,22.84000015,108.0000028E-3,
,,,22.85000038,108.0000028E-3,
,,,22.85999870,110.0000069E-3,
,,,22.86999893,112.0000035E-3,
,,,22.87999916,112.0000035E-3,
,,,22.88999939,114.0000075E-3,
,,,22.89999962,114.0000075E-3,
,,,22.90999985,112.0000035E-3,
,,,22.92000008,110.0000069E-3,
,,,22.93000031,106.0000062E-3,
,,,22.93999863,106.0000062E-3,
,,,22.94999886,108.0000028E-3,
,,,22.95999908,104.0000021E-3,
,,,22.96999931,104.0000021E-3,
,,,22.97999954,102.0000055E-3,
,,,22.98999977,102.0000055E-3,
,,,23.00000000,106.0000062E-3,
,,,23.01000023,110.0000069E-3,
,,,23.01999855,110.0000069E-3,
,,,23.02999878,110.0000069E-3,
,,,23.03999901,114.0000075E-3,
,,,23.04999924,112.0000035E-3,
,,,23.05999947,110.0000069E-3,
,,,23.06999969,110.0000069E-3,
,,,23.07999992,110.0000069E-3,
,,,23.09000015,112.0000035E-3,
,,,23.10000038,108.0000028E-3,
,,,23.10999870,110.0000069E-3,
,,,23.11999893,108.0000028E-3,
,,,23.12999916,108.0000028E-3,
,,,23.13999939,110.0000069E-3,
,,,23.14999962,108.0000028E-3,
,,,23.15999985,114.0000075E-3,
,,,23.17000008,110.0000069E-3,
,,,23.18000031,108.0000028E-3,
,,,23.18999863,112.0000035E-3,
,,,23.19999886,108.0000028E-3,
,,,23.20999908,112.0000035E-3,
,,,23.21999931,112.0000035E-3,
,,,23.22999954,108.0000028E-3,
,,,23.23999977,108.0000028E-3,
,,,23.25000000,108.0000028E-3,
,,,23.26000023,106.0000062E-3,
,,,23.26999855,108.0000028E-3,
,,,23.27999878,106.0000062E-3,
,,,23.28999901,104.0000021E-3,
,,,23.29999924,104.0000021E-3,
,,,23.30999947,110.0000069E-3,
,,,23.31999969,108.0000028E-3,
,,,23.32999992,108.0000028E-3,
,,,23.34000015,106.0000062E-3,
,,,23.35000038,110.0000069E-3,
,,,23.35999870,106.0000062E-3,
,,,23.36999893,108.0000028E-3,
,,,23.37999916,110.0000069E-3,
,,,23.38999939,106.0000062E-3,
,,,23.39999962,108.0000028E-3,
,,,23.40999985,108.0000028E-3,
,,,23.42000008,106.0000062E-3,
,,,23.43000031,106.0000062E-3,
,,,23.43999863,106.0000062E-3,
,,,23.44999886,106.0000062E-3,
,,,23.45999908,108.0000028E-3,
,,,23.46999931,108.0000028E-3,
,,,23.47999954,110.0000069E-3,
,,,23.48999977,108.0000028E-3,
,,,23.50000000,110.0000069E-3,
,,,23.51000023,110.0000069E-3,
,,,23.51999855,110.0000069E-3,
,,,23.52999878,110.0000069E-3,
,,,23.53999901,108.0000028E-3,
,,,23.54999924,106.0000062E-3,
,,,23.55999947,106.0000062E-3,
,,,23.56999969,108.0000028E-3,
,,,23.57999992,108.0000028E-3,
,,,23.59000015,112.0000035E-3,
,,,23.60000038,110.0000069E-3,
,,,23.60999870,110.0000069E-3,
,,,23.61999893,112.0000035E-3,
,,,23.62999916,110.0000069E-3,
,,,23.63999939,106.0000062E-3,
,,,23.64999962,110.0000069E-3,
,,,23.65999985,108.0000028E-3,
,,,23.67000008,104.0000021E-3,
,,,23.68000031,106.0000062E-3,
,,,23.68999863,104.0000021E-3,
,,,23.69999886,102.0000055E-3,
,,,23.70999908,106.0000062E-3,
,,,23.71999931,106.0000062E-3,
,,,23.72999954,106.0000062E-3,
,,,23.73999977,106.0000062E-3,
,,,23.75000000,108.0000028E-3,
,,,23.76000023,110.0000069E-3,
,,,23.76999855,108.0000028E-3,
,,,23.77999878,110.0000069E-3,
,,,23.78999901,108.0000028E-3,
,,,23.79999924,110.0000069E-3,
,,,23.80999947,106.0000062E-3,
,,,23.81999969,106.0000062E-3,
,,,23.82999992,108.0000028E-3,
,,,23.84000015,108.0000028E-3,
,,,23.85000038,108.0000028E-3,
,,,23.85999870,106.0000062E-3,
,,,23.86999893,108.0000028E-3,
,,,23.87999916,108.0000028E-3,
,,,23.88999939,106.0000062E-3,
,,,23.89999962,110.0000069E-3,
,,,23.90999985,108.0000028E-3,
,,,23.92000008,110.0000069E-3,
,,,23.93000031,110.0000069E-3,
,,,23.93999863,110.0000069E-3,
,,,23.94999886,116.0000041E-3,
,,,23.95999908,110.0000069E-3,
,,,23.96999931,110.0000069E-3,
,,,23.97999954,110.0000069E-3,
,,,23.98999977,112.0000035E-3,
,,,24.00000000,108.0000028E-3,
,,,24.01000023,108.0000028E-3,
,,,24.01999855,108.0000028E-3,
,,,24.02999878,106.0000062E-3,
,,,24.03999901,108.0000028E-3,
,,,24.04999924,106.0000062E-3,
,,,24.05999947,106.0000062E-3,
,,,24.06999969,102.0000055E-3,
,,,24.07999992,104.0000021E-3,
,,,24.09000015,106.0000062E-3,
,,,24.10000038,106.0000062E-3,
,,,24.10999870,108.0000028E-3,
,,,24.11999893,108.0000028E-3,
,,,24.12999916,108.0000028E-3,
,,,24.13999939,106.0000062E-3,
,,,24.14999962,106.0000062E-3,
,,,24.15999985,108.0000028E-3,
,,,24.17000008,108.0000028E-3,
,,,24.18000031,104.0000021E-3,
,,,24.18999863,106.0000062E-3,
,,,24.19999886,106.0000062E-3,
,,,24.20999908,104.0000021E-3,
,,,24.21999931,106.0000062E-3,
,,,24.22999954,106.0000062E-3,
,,,24.23999977,106.0000062E-3,
,,,24.25000000,106.0000062E-3,
,,,24.26000023,104.0000021E-3,
,,,24.26999855,104.0000021E-3,
,,,24.27999878,108.0000028E-3,
,,,24.28999901,104.0000021E-3,
,,,24.29999924,106.0000062E-3,
,,,24.30999947,108.0000028E-3,
,,,24.31999969,104.0000021E-3,
,,,24.32999992,106.0000062E-3,
,,,24.34000015,108.0000028E-3,
,,,24.35000038,110.0000069E-3,
,,,24.35999870,106.0000062E-3,
,,,24.36999893,108.0000028E-3,
,,,24.37999916,106.0000062E-3,
,,,24.38999939,108.0000028E-3,
,,,24.39999962,110.0000069E-3,
,,,24.40999985,108.0000028E-3,
,,,24.42000008,108.0000028E-3,
,,,24.43000031,110.0000069E-3,
,,,24.43999863,110.0000069E-3,
,,,24.44999886,106.0000062E-3,
,,,24.45999908,112.0000035E-3,
,,,24.46999931,110.0000069E-3,
,,,24.47999954,106.0000062E-3,
,,,24.48999977,112.0000035E-3,
,,,24.50000000,106.0000062E-3,
,,,24.51000023,106.0000062E-3,
,,,24.51999855,106.0000062E-3,
,,,24.52999878,106.0000062E-3,
,,,24.53999901,106.0000062E-3,
,,,24.54999924,106.0000062E-3,
,,,24.55999947,106.0000062E-3,
,,,24.56999969,106.0000062E-3,
,,,24.57999992,104.0000021E-3,
,,,24.59000015,104.0000021E-3,
,,,24.60000038,108.0000028E-3,
,,,24.60999870,106.0000062E-3,
,,,24.61999893,108.0000028E-3,
,,,24.62999916,110.0000069E-3,
,,,24.63999939,112.0000035E-3,
,,,24.64999962,110.0000069E-3,
,,,24.65999985,108.0000028E-3,
,,,24.67000008,106.0000062E-3,
,,,24.68000031,106.0000062E-3,
,,,24.68999863,106.0000062E-3,
,,,24.69999886,104.0000021E-3,
,,,24.70999908,102.0000055E-3,
,,,24.71999931,104.0000021E-3,
,,,24.72999954,102.0000055E-3,
,,,24.73999977,106.0000062E-3,
,,,24.75000000,106.0000062E-3,
,,,24.76000023,104.0000021E-3,
,,,24.76999855,108.0000028E-3,
,,,24.77999878,110.0000069E-3,
,,,24.78999901,110.0000069E-3,
,,,24.79999924,110.0000069E-3,
,,,24.80999947,110.0000069E-3,
,,,24.81999969,110.0000069E-3,
,,,24.82999992,108.0000028E-3,
,,,24.84000015,108.0000028E-3,
,,,24.85000038,110.0000069E-3,
,,,24.85999870,108.0000028E-3,
,,,24.86999893,108.0000028E-3,
,,,24.87999916,106.0000062E-3,
,,,24.88999939,110.0000069E-3,
,,,24.89999962,106.0000062E-3,
,,,24.90999985,106.0000062E-3,
,,,24.92000008,106.0000062E-3,
,,,24.93000031,110.0000069E-3,
,,,24.93999863,110.0000069E-3,
,,,24.94999886,106.0000062E-3,
,,,24.95999908,110.0000069E-3,
,,,24.96999931,110.0000069E-3,
,,,24.97999954,110.0000069E-3,
,,,24.98999977,106.0000062E-3,
